"regione","provincia","anno","importo","eu_funds","perc_eu_funds"
"CAMPANIA","NAPOLI",201920,"389407220.93","33685139.89","8.65036344460989191900"
"LAZIO","ROMA",201920,"372722779.35","9017820.68","2.41944447176702992700"
"CAMPANIA","NAPOLI",202021,"345392451.32","34183865.26","9.89710838478321379700"
"LAZIO","ROMA",202021,"319482135.29","11029098.61","3.45218007260051576600"
"CAMPANIA","NAPOLI",202122,"293275496.15","52670866.17","17.95951822141346669700"
"LAZIO","ROMA",202122,"257622421.39","32387871.71","12.57183731728452100200"
"CAMPANIA","NAPOLI",202223,"210256148.87","30118302.48","14.32457630460165481100"
"LOMBARDIA","MILANO",201920,"191795614.28","2655096.19","1.38433623728426789600"
"LOMBARDIA","MILANO",202021,"184580442.26","5878796.14","3.18495072826791047900"
"CAMPANIA","NAPOLI",202324,"181914428.05","55746033.33","30.64409674788299454000"
"LAZIO","ROMA",202324,"181436970.85","49975204.74","27.54411325645210968900"
"LAZIO","ROMA",202223,"174895758.54","21648316.57","12.37783966330370678200"
"LOMBARDIA","MILANO",202122,"169944212.45","18641205.16","10.96901441435347920800"
"PIEMONTE","TORINO",201920,"161151107.11","4109397.44","2.55002743306936751200"
"LOMBARDIA","MILANO",202223,"155930548.32","15414469.63","9.88547131788858446300"
"LOMBARDIA","MILANO",202324,"148550861.89","42537837.67","28.63520085228365819700"
"PIEMONTE","TORINO",202021,"144822412.12","7772403.54","5.36685132240428257300"
"PIEMONTE","TORINO",202122,"136731728.34","25189068.48","18.42225559920103618000"
"CAMPANIA","SALERNO",201920,"125513590.81","14311293.05","11.40218597654827145800"
"SICILIA","PALERMO",201920,"120253267.47","8541882.79","7.10324382007413906300"
"SICILIA","PALERMO",202122,"118285616.90","20623238.20","17.43511911294770446400"
"PIEMONTE","TORINO",202223,"116473395.63","13158632.46","11.29754343369614697600"
"PUGLIA","BARI",201920,"110850868.28","10361518.75","9.34725989139541271300"
"SICILIA","PALERMO",202021,"109573967.11","13310661.78","12.14764978495082252200"
"SICILIA","CATANIA",201920,"108358572.79","11655382.85","10.75630893790770829900"
"CAMPANIA","CASERTA",201920,"106112617.14","11983363.82","11.29306216638659752100"
"SICILIA","PALERMO",202223,"105379379.08","13782553.36","13.07898516799649376000"
"SICILIA","CATANIA",202021,"104599274.08","15230195.83","14.56051771291604359500"
"SICILIA","CATANIA",202122,"100377450.60","22195685.21","22.11222249352485547200"
"CAMPANIA","SALERNO",202021,"98453545.80","10413923.14","10.57749932252820903500"
"PUGLIA","BARI",202122,"98226089.05","19757129.78","20.11393304068436795800"
"CAMPANIA","CASERTA",202021,"94453392.67","13651008.96","14.45264015840459275300"
"PUGLIA","BARI",202021,"92003263.34","11193815.74","12.16675945355657424700"
"PUGLIA","LECCE",201920,"91682417.89","7755415.59","8.45899984804600139700"
"SICILIA","PALERMO",202324,"90266852.47","32347077.30","35.83494540340872483700"
"PIEMONTE","TORINO",202324,"90149767.44","27842928.04","30.88519119977887321800"
"CAMPANIA","CASERTA",202122,"87537790.24","17911652.82","20.46162322682821242800"
"CAMPANIA","SALERNO",202122,"86937639.34","18998546.30","21.85307358726356693800"
"LOMBARDIA","BRESCIA",201920,"85166928.22","1760818.15","2.06749049989395050200"
"SICILIA","CATANIA",202223,"84997455.67","13122156.20","15.43829294249273379500"
"LOMBARDIA","BRESCIA",202122,"82859971.89","11995295.00","14.47658589110342021400"
"TOSCANA","FIRENZE",201920,"82570976.85","3439232.64","4.16518342304194261200"
"SICILIA","CATANIA",202324,"80717049.58","26611833.97","32.96928481463457376300"
"LOMBARDIA","BRESCIA",202021,"79364610.65","3437280.10","4.33099850405427522900"
"LOMBARDIA","BERGAMO",202122,"78896752.16","11904639.70","15.08888436352587115200"
"LOMBARDIA","BERGAMO",202324,"78467641.69","23481883.10","29.92556242835644727000"
"CALABRIA","COSENZA",201920,"77242332.40","10305306.31","13.34152658238476496300"
"PUGLIA","BARI",202223,"76011647.89","11273958.99","14.83188340596834809700"
"LOMBARDIA","BERGAMO",202223,"75555849.18","7414397.91","9.81313556854659389300"
"LOMBARDIA","BERGAMO",202021,"75308215.54","4084758.35","5.42405409650209858100"
"LOMBARDIA","BERGAMO",201920,"73385469.41","740510.24","1.00906929662439833100"
"TOSCANA","FIRENZE",202122,"70691939.16","9526902.04","13.47664550329757851800"
"TOSCANA","FIRENZE",202021,"70529242.37","2186255.36","3.09978568680887419500"
"SICILIA","MESSINA",201920,"69205688.52","6901545.65","9.97251208331739606000"
"LOMBARDIA","BRESCIA",202324,"68858303.86","22933865.89","33.30588266685777758000"
"PUGLIA","BARI",202324,"68840383.52","24359688.06","35.38575297582827876700"
"EMILIA ROMAGNA","BOLOGNA",201920,"68310694.81","1602143.92","2.34537787158543469100"
"CAMPANIA","SALERNO",202223,"68049406.07","13177398.35","19.36445754786585457700"
"VENETO","TREVISO",201920,"66715277.51","2317648.67","3.47393993774905006800"
"CAMPANIA","SALERNO",202324,"65353266.06","24255055.62","37.11376199275449034800"
"CAMPANIA","CASERTA",202223,"64783513.14","10210897.18","15.76156754255331204500"
"CALABRIA","COSENZA",202021,"64556401.37","9818282.98","15.20884493503173099800"
"PUGLIA","LECCE",202021,"64498912.40","6272689.50","9.72526398755213739100"
"LOMBARDIA","BRESCIA",202223,"63375089.70","8991609.52","14.18792393440983169100"
"VENETO","VICENZA",201920,"62987062.10","1617797.85","2.56846056326859544100"
"SICILIA","MESSINA",202122,"62276427.40","12696492.59","20.38731687103810967800"
"PUGLIA","LECCE",202122,"61840496.82","13000602.31","21.02279732299214086400"
"CAMPANIA","CASERTA",202324,"61544845.15","22034103.33","35.80170406846819404200"
"LOMBARDIA","VARESE",201920,"61446031.65","1806387.64","2.93979544568359444300"
"CALABRIA","REGGIO CALABRIA",201920,"60727534.42","6242727.12","10.27989556899254069900"
"EMILIA ROMAGNA","BOLOGNA",202021,"60566310.04","3152291.88","5.20469528012870833300"
"VENETO","VICENZA",202122,"60566264.84","10615044.30","17.52633141244904281300"
"VENETO","VICENZA",202021,"60431948.68","2863513.10","4.73840933901190227200"
"VENETO","TREVISO",202223,"59777173.27","5560870.74","9.30266594387593731100"
"UMBRIA","PERUGIA",201920,"59656116.19","3461303.30","5.80209293038122601300"
"EMILIA ROMAGNA","BOLOGNA",202122,"59589518.87","9432353.96","15.82888088185028838100"
"PUGLIA","FOGGIA",201920,"59434936.54","6199507.39","10.43074620905450368600"
"VENETO","TREVISO",202021,"59426886.38","3774560.29","6.35160365943439488700"
"VENETO","TREVISO",202324,"58974407.17","18630815.72","31.59135735997259368500"
"TOSCANA","FIRENZE",202324,"58600395.36","17657876.15","30.13269115595946382000"
"PUGLIA","TARANTO",201920,"57635926.55","6755388.73","11.72079488327406788300"
"VENETO","TREVISO",202122,"57313486.57","10951184.00","19.10751666909103205900"
"VENETO","VERONA",202122,"57294886.19","8323849.63","14.52808476204427556100"
"LIGURIA","GENOVA",201920,"57127407.22","1711797.90","2.99645648787769367300"
"LOMBARDIA","MONZA E DELLA BRIANZA",201920,"56935861.71","1375300.11","2.41552523961966746900"
"VENETO","VERONA",201920,"56768116.99","562419.08","0.99073055408738157600"
"LOMBARDIA","VARESE",202021,"56241901.49","2186577.07","3.88780786579340811700"
"SICILIA","MESSINA",202021,"56234029.76","6574389.14","11.69112220493301527900"
"EMILIA ROMAGNA","MODENA",201920,"56215677.07","1173794.81","2.08802040850346019000"
"EMILIA ROMAGNA","MODENA",202122,"55470806.17","8786348.74","15.83959085265985778300"
"CALABRIA","COSENZA",202122,"55250927.20","11315743.79","20.48064053122351944900"
"LOMBARDIA","MONZA E DELLA BRIANZA",202122,"54744591.25","6609613.43","12.07354604186582542100"
"LOMBARDIA","MONZA E DELLA BRIANZA",202021,"54418414.50","2572858.43","4.72791876360161136300"
"LAZIO","LATINA",201920,"54242099.58","2345489.04","4.32411182118920478600"
"EMILIA ROMAGNA","MODENA",202021,"53776075.64","2546025.58","4.73449493980219342000"
"VENETO","VICENZA",202223,"53744595.11","7731081.36","14.38485366607872097200"
"TOSCANA","FIRENZE",202223,"53730218.07","7268562.34","13.52788542665224288000"
"UMBRIA","PERUGIA",202122,"53551560.56","13321136.97","24.87534785298141085600"
"VENETO","VERONA",202021,"53300155.26","1600200.70","3.00224397507693113600"
"BASILICATA","POTENZA",201920,"53171166.38","7298655.92","13.72671772486327015200"
"EMILIA ROMAGNA","BOLOGNA",202324,"52840952.93","15804949.99","29.91041817685856786800"
"VENETO","PADOVA",201920,"52517320.92","1503340.96","2.86256216742291506800"
"VENETO","VENEZIA",202122,"52465619.49","9952408.84","18.96939164493605029200"
"SICILIA","MESSINA",202324,"52296772.14","17711019.36","33.86637192939380522200"
"VENETO","PADOVA",202021,"51575250.79","3176648.69","6.15925010803035205200"
"SICILIA","TRAPANI",201920,"51552664.80","5193001.68","10.07319738008965154400"
"PUGLIA","LECCE",202223,"50752011.24","8268501.01","16.29196717130928819500"
"VENETO","VENEZIA",202324,"50689859.93","17081408.93","33.69788149659225148300"
"FRIULI-VENEZIA GIULIA","UDINE",202122,"50351331.40","6665552.76","13.23808641135554957700"
"LIGURIA","GENOVA",202021,"49787771.76","1988412.46","3.99377676427268975700"
"UMBRIA","PERUGIA",202021,"49488840.48","5260229.93","10.62912341243037343400"
"VENETO","VENEZIA",201920,"49322843.55","901061.69","1.82686484627871784600"
"PUGLIA","FOGGIA",202021,"49301743.46","6831156.41","13.85581103342181887200"
"CALABRIA","REGGIO CALABRIA",202021,"49196427.35","6377309.95","12.96295339624900628100"
"UMBRIA","PERUGIA",202324,"49100450.12","16105046.75","32.80020185281348292500"
"PUGLIA","TARANTO",202021,"49086824.64","7701405.24","15.68935309318064701800"
"VENETO","PADOVA",202122,"48746607.21","8960670.64","18.38214216919241465300"
"UMBRIA","PERUGIA",202223,"48732781.73","9122878.02","18.72020782754524692300"
"LAZIO","LATINA",202021,"48668754.07","2767095.24","5.68556827244868896600"
"SICILIA","MESSINA",202223,"48646952.25","7669015.00","15.76463610831858433600"
"VENETO","VENEZIA",202021,"48323972.81","2463543.33","5.09797350413665212900"
"SARDEGNA","SASSARI",201920,"47808581.96","1941560.34","4.06111258774511453800"
"LOMBARDIA","VARESE",202122,"47727927.05","7046991.52","14.76492266805876288300"
"LAZIO","FROSINONE",201920,"47651830.17","2485396.84","5.21574267165235303300"
"PIEMONTE","CUNEO",201920,"47401919.66","1065482.89","2.24776316580086790500"
"PUGLIA","FOGGIA",202223,"46836520.24","6904113.78","14.74087687262395990500"
"CALABRIA","REGGIO CALABRIA",202122,"46788050.49","8367876.98","17.88464552885883662300"
"FRIULI-VENEZIA GIULIA","UDINE",201920,"46335956.47","585482.71","1.26356021242178968200"
"PIEMONTE","CUNEO",202223,"46067562.95","5656404.36","12.27849705472644282800"
"EMILIA ROMAGNA","BOLOGNA",202223,"45891697.01","5861163.75","12.77173025160265259900"
"SICILIA","TRAPANI",202021,"45753727.82","6845661.15","14.96197463282457407400"
"PUGLIA","FOGGIA",202122,"45124036.36","9782402.16","21.67891649132604324500"
"EMILIA ROMAGNA","MODENA",202223,"45057358.34","4814045.16","10.68425965781996619400"
"VENETO","VICENZA",202324,"44893309.21","14551219.95","32.41289226849579351800"
"FRIULI-VENEZIA GIULIA","UDINE",202021,"44646119.52","2292577.35","5.13499801247676272900"
"SICILIA","SIRACUSA",201920,"44430113.84","5778934.11","13.00679564047680144300"
"LIGURIA","GENOVA",202122,"44216755.06","7263005.62","16.42591277931737037800"
"MARCHE","ANCONA",201920,"44115550.23","1556168.30","3.52748246794336764200"
"PIEMONTE","CUNEO",202122,"43669496.95","7972127.16","18.25559650739232983100"
"LOMBARDIA","MONZA E DELLA BRIANZA",202223,"43147653.52","4709171.84","10.91408560100998975500"
"CAMPANIA","AVELLINO",201920,"43070057.32","3632010.68","8.43279741425707487300"
"LAZIO","LATINA",202122,"43039950.46","6946079.26","16.13867856668532048300"
"PUGLIA","LECCE",202324,"43027454.08","16886134.66","39.24502395285572982700"
"PUGLIA","BRINDISI",201920,"42447346.65","4163455.11","9.80851675919771536500"
"PIEMONTE","CUNEO",202324,"42423439.63","12980656.97","30.59784186103723527800"
"PIEMONTE","CUNEO",202021,"42401773.90","2803979.02","6.61288140117175616600"
"MARCHE","ANCONA",202122,"42204764.36","7312123.85","17.32535167742848641700"
"SICILIA","AGRIGENTO",202122,"42123138.67","7849728.71","18.63519423729589806500"
"PUGLIA","FOGGIA",202324,"41792827.47","18010434.30","43.09455806245310255400"
"VENETO","PADOVA",202223,"41745130.76","5353947.48","12.82532209751784713300"
"SICILIA","TRAPANI",202122,"41636255.24","8091862.32","19.43465442162564665800"
"SARDEGNA","SASSARI",202021,"41609899.09","2415937.71","5.80616094447731091600"
"SICILIA","AGRIGENTO",201920,"41563351.44","3589989.72","8.63739230745729295800"
"SARDEGNA","CAGLIARI",201920,"41373951.88","1738846.89","4.20275755877347436000"
"LAZIO","FROSINONE",202021,"41196348.92","1983380.73","4.81445754780737011000"
"PUGLIA","TARANTO",202122,"41193570.75","9471240.31","22.99203525589002259500"
"VENETO","VENEZIA",202223,"41015311.94","4120746.94","10.04685017641243374100"
"MARCHE","ANCONA",202021,"40610215.31","2742194.98","6.75247584645224083600"
"LOMBARDIA","MONZA E DELLA BRIANZA",202324,"40456019.60","10947056.59","27.05915386198794505200"
"SICILIA","AGRIGENTO",202324,"39626245.63","14821238.14","37.40257979115545092800"
"VENETO","VERONA",202223,"39287151.97","3155510.95","8.03191575813277258500"
"BASILICATA","POTENZA",202021,"39170706.09","4381089.14","11.18460599084901509900"
"VENETO","VERONA",202324,"39017342.18","13216048.35","33.87224144850760308800"
"SICILIA","SIRACUSA",202122,"38900217.11","7498279.59","19.27567542565831196200"
"CALABRIA","COSENZA",202324,"38778693.48","16117507.92","41.56279253789857182200"
"SICILIA","AGRIGENTO",202223,"38706762.06","5092178.27","13.15578467169774934200"
"LIGURIA","GENOVA",202324,"38274962.98","12829572.29","33.51948974243005263900"
"LIGURIA","GENOVA",202223,"38224729.06","5278467.10","13.80903731643088329100"
"CALABRIA","CATANZARO",201920,"38132758.84","3045480.12","7.98651923606794561500"
"LOMBARDIA","VARESE",202324,"38109513.81","12313557.85","32.31098121952136234800"
"LAZIO","FROSINONE",202122,"37974676.00","8115033.63","21.36959280442577047900"
"FRIULI-VENEZIA GIULIA","UDINE",202223,"37867593.16","3536217.85","9.33837499272425372200"
"PUGLIA","TARANTO",202223,"37856095.25","6358730.69","16.79711192611710263500"
"CALABRIA","REGGIO CALABRIA",202223,"37619129.30","6299251.88","16.74481041218569617500"
"SICILIA","SIRACUSA",202021,"37504555.25","5164854.56","13.77127265094018146000"
"EMILIA ROMAGNA","MODENA",202324,"37462839.80","13433794.85","35.85898699008930978100"
"LAZIO","LATINA",202324,"37055368.51","12183691.21","32.87969247077391971700"
"SICILIA","SIRACUSA",202324,"36590719.82","13092651.73","35.78134509079466368400"
"ABRUZZO","CHIETI",201920,"36515494.24","3213247.32","8.79968185253296464800"
"VENETO","PADOVA",202324,"36400679.43","12278742.16","33.73217849851546026500"
"LOMBARDIA","VARESE",202223,"36345826.89","5667625.45","15.59360712071008270800"
"CALABRIA","COSENZA",202223,"35684860.09","8988816.15","25.18943923930065771500"
"SICILIA","AGRIGENTO",202021,"35458570.12","3881850.99","10.94756775826808213100"
"PUGLIA","BRINDISI",202021,"35300201.74","3203086.61","9.07384788787328896400"
"SICILIA","RAGUSA",201920,"35255039.21","4444295.92","12.60612956215174778100"
"SARDEGNA","SASSARI",202122,"35064215.36","3786827.32","10.79969216798695820000"
"PUGLIA","TARANTO",202324,"34901669.79","13997003.80","40.10410929969433992500"
"ABRUZZO","L'AQUILA",201920,"34449669.35","1429678.07","4.15004874350122028100"
"PUGLIA","BRINDISI",202223,"34045598.30","4255825.92","12.50037048107919431100"
"TOSCANA","AREZZO",201920,"33982030.91","1258860.94","3.70449000924647796500"
"CALABRIA","CATANZARO",202021,"33650546.32","4133929.82","12.28488173918003718200"
"CAMPANIA","AVELLINO",202021,"33582887.99","2895701.76","8.62255134478683052700"
"EMILIA ROMAGNA","PARMA",201920,"33571915.76","1339913.98","3.99117521198021736000"
"PUGLIA","BRINDISI",202324,"33523289.20","12700772.68","37.88641563250899616400"
"MARCHE","ANCONA",202223,"32992960.77","4627108.74","14.02453320954256388800"
"FRIULI-VENEZIA GIULIA","UDINE",202324,"32865980.05","8311100.60","25.28785262863323620900"
"EMILIA ROMAGNA","PARMA",202021,"32794559.90","2194909.20","6.69290640488210973100"
"LAZIO","FROSINONE",202324,"32657689.37","11658617.12","35.69945499790881255500"
"EMILIA ROMAGNA","REGGIO EMILIA",202122,"32612565.91","5455756.79","16.72900195911018398000"
"SARDEGNA","NUORO",201920,"32527387.84","1364949.33","4.19630785206021634200"
"SICILIA","TRAPANI",202223,"32472038.26","6486562.27","19.97583957638512587800"
"SARDEGNA","CAGLIARI",202021,"32436128.74","1366195.19","4.21195513481612849200"
"LAZIO","LATINA",202223,"32335970.08","4433570.37","13.71095519643058749400"
"EMILIA ROMAGNA","PARMA",202324,"32323386.92","8823642.93","27.29801475271886514300"
"ABRUZZO","CHIETI",202021,"32313453.38","3142817.10","9.72603287875509640100"
"SICILIA","RAGUSA",202021,"32255962.88","4528457.07","14.03913157653038569000"
"BASILICATA","POTENZA",202122,"32185949.77","5310931.08","16.50077477269361935000"
"EMILIA ROMAGNA","REGGIO EMILIA",201920,"32099310.02","309300.95","0.96357507313174328500"
"TOSCANA","PRATO",201920,"32058170.11","1074091.85","3.35044653613886510100"
"TOSCANA","LUCCA",201920,"31836083.52","1619473.86","5.08691296460074119100"
"SICILIA","SIRACUSA",202223,"31809655.23","5757539.23","18.09997369782872682800"
"MARCHE","ANCONA",202324,"31625604.64","9922680.66","31.37546545892695381500"
"LAZIO","RIETI",202021,"31297495.74","470752.23","1.50412107700473801600"
"SARDEGNA","CAGLIARI",202122,"31179246.37","2536865.25","8.13639053329049402500"
"EMILIA ROMAGNA","REGGIO EMILIA",202021,"31035667.00","1606971.01","5.17782011902628031200"
"ABRUZZO","TERAMO",201920,"30983912.98","2206936.82","7.12284733508181961100"
"BASILICATA","POTENZA",202324,"30953629.63","10840280.51","35.02103190991757046500"
"PUGLIA","BARLETTA-ANDRIA-TRANI",201920,"30645713.38","3749250.19","12.23417495135497478800"
"PUGLIA","BRINDISI",202122,"30622119.37","6887028.39","22.49037144289598528900"
"ABRUZZO","CHIETI",202324,"30398792.26","10940036.66","35.98839245464155160500"
"CAMPANIA","AVELLINO",202122,"30384480.84","6195443.95","20.39015898485892971400"
"LOMBARDIA","CREMONA",202324,"30287364.36","9621081.28","31.76599048250760370900"
"SICILIA","TRAPANI",202324,"30202023.74","11721894.53","38.81161948255590636800"
"MARCHE","MACERATA",201920,"30183864.88","568268.54","1.88268978230331913700"
"TOSCANA","PISA",201920,"30144374.03","1323313.84","4.38991978630249234600"
"ABRUZZO","PESCARA",201920,"30044362.57","1544129.25","5.13949745614456549300"
"LOMBARDIA","PAVIA",202324,"30043808.79","10768940.12","35.84412414308938224300"
"LOMBARDIA","PAVIA",202122,"30025014.40","4746508.54","15.80851378376025025300"
"SICILIA","CALTANISSETTA",202122,"29918770.88","6183562.05","20.66783450029214569100"
"LOMBARDIA","PAVIA",201920,"29759095.59","334074.78","1.12259722070404492400"
"SICILIA","RAGUSA",202122,"29665482.38","6511928.54","21.95119720820801296500"
"TOSCANA","AREZZO",202021,"29641114.64","1487860.32","5.01958289379633127000"
"LOMBARDIA","COMO",201920,"29439710.80","875313.80","2.97324184312299698300"
"SICILIA","RAGUSA",202223,"29116917.65","3581521.70","12.30048366743929709900"
"LOMBARDIA","COMO",202122,"29025075.00","5076427.51","17.48979980241222460200"
"LOMBARDIA","COMO",202021,"29019126.02","959607.41","3.30681016836495339800"
"ABRUZZO","CHIETI",202122,"28987675.20","5208477.43","17.96790323495828323600"
"PUGLIA","BARLETTA-ANDRIA-TRANI",202122,"28900450.41","6797451.52","23.52022692922452622800"
"LAZIO","FROSINONE",202223,"28697814.41","4606708.01","16.05246986472514441200"
"MARCHE","PESARO E URBINO",202324,"28645303.18","9440411.32","32.95622762544627394700"
"EMILIA ROMAGNA","REGGIO EMILIA",202223,"28546788.60","2999147.85","10.50607790608012559400"
"LAZIO","VITERBO",202324,"28446215.80","8859378.03","31.14431139905786695200"
"ABRUZZO","L'AQUILA",202021,"28276198.98","1998745.60","7.06865021502264163200"
"SICILIA","CALTANISSETTA",201920,"27986378.44","3384402.62","12.09303528591890219600"
"LOMBARDIA","PAVIA",202021,"27900307.69","1002048.30","3.59153135920129345400"
"TOSCANA","LUCCA",202021,"27897659.85","1914809.85","6.86369344344844752300"
"EMILIA ROMAGNA","RAVENNA",202324,"27839711.55","8672172.89","31.15036904899253526900"
"EMILIA ROMAGNA","RAVENNA",201920,"27809435.67","297643.34","1.07029622438936748100"
"SARDEGNA","NUORO",202021,"27764594.25","1798569.05","6.47792304762386361900"
"LAZIO","RIETI",201920,"27610958.28","1781763.63","6.45310319160715489700"
"SICILIA","RAGUSA",202324,"27460545.43","10589475.13","38.56250837039546741400"
"LOMBARDIA","PAVIA",202223,"27280825.79","2972914.64","10.89745106282576353100"
"ABRUZZO","CHIETI",202223,"27241686.64","4549475.42","16.70041756269170564100"
"TOSCANA","PRATO",202021,"27210808.08","1352812.11","4.97159843993872305500"
"ABRUZZO","PESCARA",202021,"27077352.23","2297676.08","8.48560103101336359900"
"CALABRIA","CATANZARO",202122,"27022767.23","5184579.96","19.18596980047331740300"
"ABRUZZO","L'AQUILA",202122,"26946066.76","3594838.67","13.34086604185344933800"
"EMILIA ROMAGNA","PARMA",202122,"26615070.17","4462264.11","16.76593028497733996400"
"TOSCANA","PISA",202021,"26593573.40","1584724.80","5.95905174593798665700"
"LOMBARDIA","CREMONA",201920,"26553281.24","584215.13","2.20016172283798700900"
"SICILIA","CALTANISSETTA",202021,"26531745.98","3894984.70","14.68046883509322668400"
"SARDEGNA","SUD SARDEGNA",201920,"26504294.23","1323495.48","4.99351338509495561100"
"MARCHE","MACERATA",202021,"26379163.26","1935081.57","7.33564423908114513900"
"TOSCANA","AREZZO",202122,"26278129.35","3872817.74","14.73779844987329739300"
"LOMBARDIA","CREMONA",202021,"26250360.38","1223262.16","4.65998234802138743100"
"MARCHE","MACERATA",202122,"26018371.37","4181335.16","16.07070289119330069700"
"EMILIA ROMAGNA","FORLI'-CESENA",202324,"25996589.63","8162532.83","31.39847551611330335900"
"LOMBARDIA","COMO",202324,"25946174.01","8367401.24","32.24907547746767000100"
"MARCHE","PESARO E URBINO",202122,"25896544.83","5142753.17","19.85883909903821713800"
"TOSCANA","LIVORNO",201920,"25750248.07","1167578.08","4.53424012392436730400"
"MARCHE","MACERATA",202324,"25277979.34","7618069.31","30.13717674001390334200"
"PUGLIA","BARLETTA-ANDRIA-TRANI",202324,"25166727.95","9889376.46","39.29543991434929466100"
"MARCHE","PESARO E URBINO",201920,"25119002.20","1201247.72","4.78222705836619577200"
"PIEMONTE","ALESSANDRIA",201920,"25100591.51","589298.29","2.34774662487625177100"
"TOSCANA","LIVORNO",202122,"25063574.98","3546348.37","14.14941153777895734200"
"CALABRIA","CATANZARO",202324,"25063273.07","9117113.92","36.37638984555818830200"
"SARDEGNA","SASSARI",202223,"24994766.27","2527121.58","10.11060296664258425200"
"CAMPANIA","BENEVENTO",201920,"24977626.46","3016422.07","12.07649603868725643500"
"PIEMONTE","ALESSANDRIA",202324,"24905984.95","7864263.52","31.57579808944676970100"
"TOSCANA","LIVORNO",202021,"24885055.17","1437804.09","5.77778140405063044100"
"LOMBARDIA","CREMONA",202122,"24844989.91","3152980.37","12.69060837384739352500"
"ABRUZZO","PESCARA",202122,"24827328.98","4448246.83","17.91673535877881616600"
"CALABRIA","CATANZARO",202223,"24787538.02","4976069.77","20.07488507323729765100"
"EMILIA ROMAGNA","FORLI'-CESENA",201920,"24768055.12","480737.68","1.94095853578672106900"
"PUGLIA","BARLETTA-ANDRIA-TRANI",202223,"24724575.74","4346793.72","17.58086272423940893100"
"PUGLIA","BARLETTA-ANDRIA-TRANI",202021,"24679569.26","3815242.60","15.45911340593632386600"
"TOSCANA","AREZZO",202324,"24613908.79","6856172.85","27.85487225330698887300"
"LOMBARDIA","COMO",202223,"24601339.15","2445986.28","9.94249241915759695500"
"EMILIA ROMAGNA","RAVENNA",202021,"24598212.18","971238.72","3.94841183128618740100"
"TOSCANA","PISA",202122,"24553797.83","4966499.37","20.22701092672473144700"
"EMILIA ROMAGNA","FORLI'-CESENA",202021,"24416723.90","1276450.83","5.22777271524129410300"
"LAZIO","VITERBO",202021,"24384133.70","1569876.79","6.43810770279692159000"
"TOSCANA","PISA",202324,"24331239.21","8009254.95","32.91757925222420268200"
"MARCHE","PESARO E URBINO",202223,"24220537.50","3495789.90","14.43316400389545442600"
"SICILIA","CALTANISSETTA",202324,"24163435.36","8742099.74","36.17904329312220776900"
"LOMBARDIA","MANTOVA",202223,"24056780.01","2941898.01","12.22897664931508844900"
"BASILICATA","POTENZA",202223,"23900905.55","4100351.23","17.15563128527571625800"
"PIEMONTE","ALESSANDRIA",202122,"23883456.23","4537201.15","18.99725528125541317400"
"ABRUZZO","L'AQUILA",202223,"23686664.75","3720647.80","15.70777413903322965700"
"MARCHE","PESARO E URBINO",202021,"23583343.02","1492640.20","6.32921379608547117700"
"LAZIO","VITERBO",201920,"23579264.55","2493573.05","10.57527915984131065700"
"LOMBARDIA","MANTOVA",201920,"23476926.96","539428.97","2.29769837815264046800"
"SARDEGNA","SASSARI",202324,"23421381.40","9112836.29","38.90819304962089042300"
"SARDEGNA","CAGLIARI",202223,"23382011.03","2219998.67","9.49447276862395697900"
"LOMBARDIA","MANTOVA",202021,"23319219.99","926347.49","3.97246344602112053700"
"TOSCANA","SIENA",201920,"23150112.89","1556840.98","6.72498223830475670700"
"PIEMONTE","ALESSANDRIA",202021,"23073100.48","1203889.69","5.21771961702131849800"
"CALABRIA","CROTONE",201920,"22802444.34","2808893.56","12.31838796805062171700"
"PIEMONTE","NOVARA",201920,"22707545.37","259292.62","1.14187868294458460000"
"LOMBARDIA","MANTOVA",202122,"22629938.67","3005431.50","13.28077616040662473400"
"MOLISE","CAMPOBASSO",201920,"22597281.87","1862224.38","8.24092203085839544800"
"TOSCANA","PISTOIA",202021,"22529813.80","1773181.82","7.87037938147540305000"
"CALABRIA","REGGIO CALABRIA",202324,"22525282.96","7541646.16","33.48080542824843608500"
"EMILIA ROMAGNA","REGGIO EMILIA",202324,"22516630.42","7346862.98","32.62860758008568850500"
"LAZIO","RIETI",202122,"22462553.23","1983615.03","8.83076384812199730500"
"PIEMONTE","NOVARA",202122,"22334343.50","4453528.94","19.94027243290137451300"
"ABRUZZO","TERAMO",202021,"22288678.78","1285554.43","5.76774622977450438200"
"LAZIO","VITERBO",202223,"22283477.10","5344462.48","23.98397007799110489800"
"SARDEGNA","SUD SARDEGNA",202122,"22207408.20","3419851.46","15.39959741902704341700"
"BASILICATA","MATERA",201920,"22203121.59","1918837.88","8.64219867563225824800"
"SICILIA","CALTANISSETTA",202223,"22147628.47","3785509.60","17.09216679847980130000"
"LOMBARDIA","MANTOVA",202324,"22133602.51","7932964.65","35.84127186894168183000"
"EMILIA ROMAGNA","RIMINI",202122,"22064205.25","3546724.31","16.07456180639001262000"
"EMILIA ROMAGNA","PARMA",202223,"21972892.07","2430349.63","11.06067249708199199300"
"SARDEGNA","SUD SARDEGNA",202021,"21908398.93","1462325.69","6.67472641278948995300"
"CAMPANIA","BENEVENTO",202021,"21837872.83","2666422.15","12.21008186446152136500"
"CALABRIA","CROTONE",202021,"21692084.68","2878560.95","13.27009825226258521100"
"TOSCANA","LIVORNO",202223,"21629743.43","2200582.22","10.17387111928400715200"
"PIEMONTE","NOVARA",202021,"21593928.89","1138586.06","5.27271376042768843300"
"EMILIA ROMAGNA","RIMINI",201920,"21548512.57","444209.16","2.06143769114918543100"
"SARDEGNA","SUD SARDEGNA",202324,"21545013.99","8270410.81","38.38665787749623085800"
"TOSCANA","LUCCA",202122,"21450122.70","3932857.29","18.33489414025589699800"
"MARCHE","MACERATA",202223,"21393013.70","2526999.08","11.81226317823561249800"
"TOSCANA","GROSSETO",201920,"21358144.59","1598210.22","7.48290757778787000900"
"TOSCANA","PISTOIA",202122,"21342881.39","3997910.94","18.73182381959533534200"
"SARDEGNA","CAGLIARI",202324,"21337816.43","7677031.57","35.97852477166521391800"
"PIEMONTE","ALESSANDRIA",202223,"21282153.97","4067486.68","19.11219459145751119700"
"CAMPANIA","AVELLINO",202223,"21168578.29","2615459.62","12.35538629080035398100"
"TOSCANA","SIENA",202122,"21120851.76","3607709.62","17.08126954819363781200"
"TOSCANA","PRATO",202122,"21075119.82","2724073.93","12.92554421168647951300"
"ABRUZZO","L'AQUILA",202324,"20976639.06","7036883.24","33.54628556019974727100"
"FRIULI-VENEZIA GIULIA","PORDENONE",202021,"20975689.19","701796.51","3.34576138902065796700"
"EMILIA ROMAGNA","FORLI'-CESENA",202122,"20973198.38","2676088.32","12.75956233052137849500"
"LAZIO","VITERBO",202122,"20906928.54","3860588.00","18.46559140723977430300"
"TOSCANA","SIENA",202021,"20895769.69","1802267.60","8.62503572128526843500"
"SICILIA","ENNA",201920,"20883003.06","1711891.21","8.19753368364444419100"
"EMILIA ROMAGNA","FORLI'-CESENA",202223,"20737538.26","2870374.72","13.84144387830535098400"
"MOLISE","CAMPOBASSO",202021,"20637457.12","2737906.75","13.26668655968599294200"
"TOSCANA","PISTOIA",201920,"20613723.86","722134.94","3.50317557809761016200"
"MOLISE","CAMPOBASSO",202223,"20566786.23","4090395.37","19.88835457449104823000"
"EMILIA ROMAGNA","FERRARA",201920,"20555558.73","361896.38","1.76057671189363968200"
"EMILIA ROMAGNA","RIMINI",202021,"20237765.47","933446.09","4.61239701282100093400"
"ABRUZZO","PESCARA",202223,"20216787.19","3212804.63","15.89176657896056133900"
"CALABRIA","VIBO VALENTIA",201920,"20156760.57","2105773.80","10.44698523201240763700"
"FRIULI-VENEZIA GIULIA","PORDENONE",201920,"20072021.76","151257.01","0.75357137317093064000"
"EMILIA ROMAGNA","FERRARA",202223,"19973329.71","2525248.66","12.64310306125718083900"
"FRIULI-VENEZIA GIULIA","PORDENONE",202122,"19966899.94","2533421.26","12.68810515209102610400"
"LOMBARDIA","CREMONA",202223,"19880589.37","2405333.26","12.09890318256696632300"
"EMILIA ROMAGNA","RAVENNA",202223,"19666585.26","1356595.14","6.89796994274948166600"
"TOSCANA","LUCCA",202223,"19590367.84","3014036.08","15.38529600167017588800"
"TOSCANA","PISTOIA",202324,"19516231.77","5470321.24","28.02959764194274067100"
"LOMBARDIA","LECCO",201920,"19377692.70","221365.70","1.14237388025045933400"
"TOSCANA","AREZZO",202223,"19368187.97","2647717.16","13.67044332748697502400"
"EMILIA ROMAGNA","PIACENZA",201920,"19341666.66","595190.73","3.07724634315458727900"
"EMILIA ROMAGNA","FERRARA",202122,"19303101.73","3694112.97","19.13740611053599829900"
"FRIULI-VENEZIA GIULIA","PORDENONE",202324,"19266723.16","6732645.75","34.94442565084326462100"
"EMILIA ROMAGNA","RAVENNA",202122,"19212928.17","2478265.22","12.89894594968446186600"
"BASILICATA","MATERA",202021,"19040758.65","1672039.19","8.78136854069099815000"
"TOSCANA","GROSSETO",202021,"18945272.48","1085957.12","5.73207443253410520500"
"CALABRIA","CROTONE",202122,"18894838.79","3941646.57","20.86096956850511451200"
"EMILIA ROMAGNA","FERRARA",202021,"18888055.50","1077969.72","5.70715032047634548700"
"SARDEGNA","NUORO",202122,"18755475.19","2314185.23","12.33871819592111331600"
"LOMBARDIA","LECCO",202021,"18691343.67","937466.30","5.01551047667403998900"
"CALABRIA","VIBO VALENTIA",202223,"18372404.27","2720586.56","14.80800509295564287100"
"MOLISE","CAMPOBASSO",202324,"18357732.88","7168300.38","39.04785207878022027300"
"CALABRIA","VIBO VALENTIA",202021,"17962548.10","2678413.00","14.91109716221163521900"
"LOMBARDIA","SONDRIO",202324,"17945648.58","5537494.57","30.85703225110184343100"
"BASILICATA","MATERA",202122,"17818258.76","3004852.26","16.86389394425878233200"
"EMILIA ROMAGNA","PIACENZA",202021,"17783555.14","945395.22","5.31612049760259578800"
"LOMBARDIA","LODI",201920,"17758173.87","842331.12","4.74334312844522227900"
"FRIULI-VENEZIA GIULIA","TRIESTE",201920,"17751272.57","314712.92","1.77290342852304025000"
"ABRUZZO","PESCARA",202324,"17738843.95","6399913.56","36.07852675202095117400"
"EMILIA ROMAGNA","PIACENZA",202122,"17705816.99","3340490.91","18.86662960476019243000"
"LIGURIA","SAVONA",201920,"17616025.45","745165.64","4.23004407046880146300"
"EMILIA ROMAGNA","RIMINI",202324,"17588901.46","5862279.23","33.32942221168143379900"
"TOSCANA","LIVORNO",202324,"17555782.11","4499534.58","25.62992951158243783900"
"SICILIA","ENNA",202021,"17500509.18","2437689.83","13.92925088594479397900"
"TOSCANA","PISTOIA",202223,"17438156.60","1686970.68","9.67401955777825736500"
"TOSCANA","LUCCA",202324,"17351815.88","5447664.49","31.39535670315100185400"
"EMILIA ROMAGNA","PIACENZA",202223,"17269343.67","2160713.66","12.51184585407002905500"
"FRIULI-VENEZIA GIULIA","TRIESTE",202021,"17203218.81","496300.20","2.88492639360901089400"
"MOLISE","CAMPOBASSO",202122,"17128259.34","3511441.10","20.50086369138313152100"
"LIGURIA","SAVONA",202021,"17011200.75","901914.91","5.30188858067529418800"
"FRIULI-VENEZIA GIULIA","PORDENONE",202223,"17000380.51","1614926.30","9.49935384710986095500"
"UMBRIA","TERNI",201920,"16974291.90","347576.2","2.04766244181296304900"
"CAMPANIA","BENEVENTO",202122,"16832568.30","4111757.77","24.42739394676925208100"
"EMILIA ROMAGNA","FERRARA",202324,"16782751.61","6502317.73","38.74405032679858627800"
"LOMBARDIA","LECCO",202122,"16741301.22","2679442.11","16.00498118269925018400"
"CALABRIA","CROTONE",202223,"16639880.61","2994022.07","17.99305019172249938400"
"SARDEGNA","SUD SARDEGNA",202223,"16581338.29","2508303.45","15.12726781234978349900"
"MARCHE","ASCOLI PICENO",201920,"16538729.23","150167.47","0.90797465701057372000"
"LOMBARDIA","LODI",202021,"16320882.87","814359.93","4.98968062258999595400"
"LIGURIA","IMPERIA",201920,"16258583.72","960398.72","5.90702570740276017100"
"EMILIA ROMAGNA","RIMINI",202223,"16238002.84","1831784.92","11.28085108771911016600"
"TOSCANA","PISA",202223,"16198006.52","2444615.74","15.09207776266532827600"
"PIEMONTE","BIELLA",202122,"16193595.29","2531804.49","15.63460395705616031900"
"SICILIA","ENNA",202122,"16182219.25","2999687.92","18.53693781834033672500"
"FRIULI-VENEZIA GIULIA","TRIESTE",202122,"16154412.39","2149314.15","13.30481170166536772400"
"CAMPANIA","AVELLINO",202324,"15895888.06","5896946.58","37.09730817014824901800"
"SARDEGNA","NUORO",202324,"15878778.99","5147602.80","32.41812738398722432200"
"TOSCANA","SIENA",202324,"15707356.21","4226754.05","26.90939196571515200900"
"ABRUZZO","TERAMO",202122,"15688982.68","4518809.42","28.80243743120761734400"
"VENETO","BELLUNO",201920,"15681630.66","617248.46","3.93612420406284457200"
"TOSCANA","MASSA-CARRARA",201920,"15538273.33","385798.07","2.48288894014454822300"
"SARDEGNA","NUORO",202223,"15512512.46","2285996.65","14.73646938814449145700"
"EMILIA ROMAGNA","PIACENZA",202324,"15380846.66","5484048.49","35.65504949907614513600"
"ABRUZZO","TERAMO",202324,"15373237.91","5713259.31","37.16366938082466714400"
"LIGURIA","SAVONA",202324,"15182178.25","5283030.33","34.79757807480622881000"
"LOMBARDIA","LODI",202122,"15170378.88","2679872.17","17.66516308655304988700"
"LIGURIA","SAVONA",202122,"15127022.05","2472210.11","16.34300592561111524300"
"TOSCANA","MASSA-CARRARA",202122,"15049766.96","1646012.54","10.93712975340317163300"
"UMBRIA","TERNI",202021,"15002164.43","825028.39","5.49939572952674269500"
"TOSCANA","PRATO",202324,"14735051.43","4002271.46","27.16157102683421037800"
"PIEMONTE","BIELLA",202324,"14710533.51","2877226.31","19.55895282821730916300"
"PIEMONTE","NOVARA",202223,"14683104.45","1861733.02","12.67942366234410325900"
"CALABRIA","VIBO VALENTIA",202122,"14670647.06","2347109.10","15.99867470330923495100"
"TOSCANA","GROSSETO",202122,"14630823.00","2400097.09","16.40438880300855256100"
"LOMBARDIA","SONDRIO",201920,"14473353.35","267964.45","1.85143306820461202900"
"LOMBARDIA","SONDRIO",202122,"14347595.69","1972150.69","13.74551341291664178500"
"MARCHE","ASCOLI PICENO",202021,"14306032.91","945078.68","6.60615480158293582500"
"PIEMONTE","ASTI",202122,"14160777.41","3035394.13","21.43522239009616633800"
"LOMBARDIA","SONDRIO",202021,"14061048.45","570639.33","4.05829858299080108800"
"SICILIA","ENNA",202223,"13919511.40","2381664.05","17.11025611143218719600"
"TOSCANA","MASSA-CARRARA",202021,"13875370.33","832104.55","5.99698984754953203500"
"LOMBARDIA","SONDRIO",202223,"13847812.89","1370612.61","9.89768291128318386700"
"VENETO","BELLUNO",202021,"13843693.36","968351.76","6.99489460520671342000"
"VENETO","BELLUNO",202122,"13786229.00","1944300.64","14.10320864393011315900"
"TOSCANA","PRATO",202223,"13686333.79","2088316.53","15.25840712379702965000"
"TOSCANA","SIENA",202223,"13577445.55","1907877.77","14.05181676460488549000"
"MARCHE","ASCOLI PICENO",202122,"13572291.73","1961424.13","14.45167970906855831300"
"LIGURIA","IMPERIA",202122,"13496765.24","2475514.80","18.34154151739546741900"
"SICILIA","ENNA",202324,"13379543.27","4134052.68","30.89830943085697722800"
"PIEMONTE","ASTI",201920,"13345433.53","476582.86","3.57113059630967267600"
"PIEMONTE","NOVARA",202324,"13183593.09","4494224.70","34.08952831993087553600"
"LOMBARDIA","LODI",202324,"13028298.85","4815769.34","36.96391520831593450900"
"CALABRIA","VIBO VALENTIA",202324,"12904622.61","4087803.32","31.67704661763835959200"
"LOMBARDIA","LECCO",202223,"12845166.53","1678399.39","13.06638871578724483800"
"LIGURIA","SAVONA",202223,"12797250.53","1814371.01","14.17781894436351243300"
"LOMBARDIA","LODI",202223,"12706623.33","2070279.44","16.29291579858297412800"
"VENETO","ROVIGO",202122,"12702786.71","2972927.40","23.40374177627989158000"
"LIGURIA","LA SPEZIA",202021,"12517639.22","831561.05","6.64311405198016243800"
"ABRUZZO","TERAMO",202223,"12517405.26","1833995.01","14.65155894457315029800"
"LIGURIA","IMPERIA",202021,"12378141.44","498407.62","4.02651417755976134700"
"VENETO","ROVIGO",201920,"12309183.80","282016.84","2.29110917979793266200"
"PIEMONTE","ASTI",202021,"12306828.09","847487.91","6.88632281041312571100"
"UMBRIA","TERNI",202122,"12300453.98","3119929.34","25.36434301589899529900"
"CALABRIA","CROTONE",202324,"12286587.80","4487342.29","36.52228237037462915500"
"LIGURIA","LA SPEZIA",201920,"12159766.31","279275.62","2.29671864475165230400"
"UMBRIA","TERNI",202324,"12106709.98","4431722.93","36.60550998017712488400"
"PIEMONTE","VERCELLI",201920,"12105018.64","76542.69","0.63232195072439805800"
"PIEMONTE","VERCELLI",202122,"12037590.85","2346095.29","19.48974108884918613100"
"VENETO","ROVIGO",202223,"11817491.08","1636604.56","13.84900186444650991000"
"UMBRIA","TERNI",202223,"11782215.65","1610343.69","13.66757949299629395300"
"BASILICATA","MATERA",202223,"11706207.66","1723678.84","14.72448541887561219000"
"PIEMONTE","BIELLA",201920,"11685145.34","296883.22","2.54068915158226008000"
"FRIULI-VENEZIA GIULIA","TRIESTE",202223,"11680025.88","1459738.03","12.49772941427763343300"
"MARCHE","FERMO",202324,"11642392.58","4217803.82","36.22798141376538257900"
"CAMPANIA","BENEVENTO",202223,"11520470.70","2502247.72","21.72001288107090971600"
"TOSCANA","MASSA-CARRARA",202324,"11519090.12","3835785.06","33.29937538504126226900"
"PIEMONTE","ASTI",202223,"11501151.28","2024269.93","17.60058519984966235500"
"PIEMONTE","VERCELLI",202021,"11487231.10","567977.56","4.94442529322840906400"
"PIEMONTE","BIELLA",202021,"11413358.47","739598.04","6.48010874226050660400"
"MARCHE","FERMO",201920,"11408260.75","355728.98","3.11817013824828644500"
"BASILICATA","MATERA",202324,"11186312.75","4889076.50","43.70588065312227212700"
"PIEMONTE","ASTI",202324,"11132206.70","3074890.88","27.62157551386465003400"
"PIEMONTE","BIELLA",202223,"11131049.67","1027642.31","9.23221385643138541500"
"LIGURIA","LA SPEZIA",202223,"11105716.30","2047724.44","18.43847244684253279500"
"PIEMONTE","VERCELLI",202223,"11028759.24","1648651.85","14.94866116961312866600"
"VENETO","BELLUNO",202223,"10925212.01","937247.83","8.57876102671622205000"
"PIEMONTE","VERBANO-CUSIO-OSSOLA",201920,"10731428.23","29372.25","0.27370308378794422600"
"VENETO","ROVIGO",202021,"10522429.09","604383.87","5.74376757334840828100"
"MARCHE","FERMO",202021,"10483031.54","510484.76","4.86962915309515514400"
"LIGURIA","IMPERIA",202223,"10405175.27","1140238.15","10.95837523551873816700"
"FRIULI-VENEZIA GIULIA","GORIZIA",202021,"10369126.85","748315.22","7.21676213267658115300"
"MARCHE","FERMO",202122,"10159622.95","2419448.20","23.81435031503802018600"
"SARDEGNA","ORISTANO",201920,"10118284.01","666615.38","6.58822562542400902600"
"LIGURIA","IMPERIA",202324,"10078946.42","3029700.14","30.05969090170041800900"
"VENETO","ROVIGO",202324,"9911366.46","3721670.69","37.54952160249354759500"
"TOSCANA","MASSA-CARRARA",202223,"9880244.69","1134124.05","11.47870407650804850700"
"LOMBARDIA","LECCO",202324,"9846418.77","2926237.35","29.71879846219459544700"
"FRIULI-VENEZIA GIULIA","GORIZIA",202122,"9724431.40","1469216.62","15.10850927489703922400"
"FRIULI-VENEZIA GIULIA","GORIZIA",201920,"9694243.15","273012.40","2.81623222953717640100"
"CAMPANIA","BENEVENTO",202324,"9595792.85","5052421.60","52.65246633580673847100"
"MARCHE","ASCOLI PICENO",202223,"9586259.70","972281.19","10.14244575493818511900"
"LIGURIA","LA SPEZIA",202122,"9476617.09","1724837.68","18.20098526319163540200"
"MARCHE","FERMO",202223,"9465853.88","1320531.14","13.95047036158136850500"
"PIEMONTE","VERBANO-CUSIO-OSSOLA",202021,"9395010.71","463199.78","4.93027410290200722900"
"SARDEGNA","ORISTANO",202324,"9364093.49","3180363.77","33.96339190116308845200"
"TOSCANA","GROSSETO",202324,"9311932.89","3409247.41","36.61159772383196374200"
"LAZIO","RIETI",202324,"8907513.87","3386381.65","38.01713586329784743900"
"TOSCANA","GROSSETO",202223,"8898383.98","873121.84","9.81213939477581411400"
"LAZIO","RIETI",202223,"8813670.20","1833201.91","20.79952923584547105000"
"SARDEGNA","ORISTANO",202122,"8651122.09","1069857.02","12.36668502501737320900"
"PIEMONTE","VERBANO-CUSIO-OSSOLA",202223,"8641813.79","1355958.75","15.69067308033259531700"
"SARDEGNA","ORISTANO",202223,"8428264.18","845945.93","10.03701250854716326700"
"FRIULI-VENEZIA GIULIA","TRIESTE",202324,"8272623.71","2307549.62","27.89380613565946903200"
"MARCHE","ASCOLI PICENO",202324,"8211474.39","2757202.85","33.57743955650332363800"
"MOLISE","ISERNIA",201920,"8051106.66","567518.24","7.04894698289837337700"
"FRIULI-VENEZIA GIULIA","GORIZIA",202223,"7976103.56","876224.29","10.98561827098443541300"
"SARDEGNA","ORISTANO",202021,"7739218.29","885341.59","11.43967719768245482600"
"LIGURIA","LA SPEZIA",202324,"7664886.19","2713505.16","35.40176713308772559900"
"MOLISE","ISERNIA",202324,"7434587.33","2934670.93","39.47321888543879677600"
"PIEMONTE","VERBANO-CUSIO-OSSOLA",202122,"7314784.74","1186215.34","16.21668144946668656200"
"PIEMONTE","VERBANO-CUSIO-OSSOLA",202324,"7094435.82","2329683.27","32.83817528424691563400"
"VENETO","BELLUNO",202324,"6892701.25","1989092.16","28.85794825359651268800"
"MOLISE","ISERNIA",202021,"6801493.68","796548.29","11.71137293477570356300"
"FRIULI-VENEZIA GIULIA","GORIZIA",202324,"6479309.38","1512407.08","23.34210316717427683600"
"PIEMONTE","VERCELLI",202324,"6134129.67","1937143.39","31.57975938255638472700"
"MOLISE","ISERNIA",202122,"4944641.49","1186705.89","23.99983684155835532600"
"MOLISE","ISERNIA",202223,"4534130.17","760939.43","16.78247869976789837100"
"CALABRIA","CROTONE",202425,"1757894.09","393800.83","22.40185186583112069100"
"PUGLIA","FOGGIA",202425,"1012056.67","401405.44","39.66234815684777809900"
"CALABRIA","CATANZARO",202425,"794817.23","247303.18","31.11447143640809095200"
"PUGLIA","BARI",202425,"781086.42","382532.22","48.97437853291573037500"
"FRIULI-VENEZIA GIULIA","PORDENONE",202425,"775192.09","187054.22","24.13004756021181795100"
"SICILIA","CATANIA",202425,"425604.71","137531.19","32.31430169088119349100"
"PUGLIA","BARLETTA-ANDRIA-TRANI",202425,"390422.00","186962.97","47.88740644738257577700"
"SICILIA","PALERMO",202425,"344986.29","104358.85","30.25014414340929316400"
"CAMPANIA","SALERNO",202425,"336446.61","200357.83","59.55115136990085886100"
"PUGLIA","TARANTO",202425,"327021.51","205819.92","62.93773152720137583600"
"MARCHE","PESARO-URBINO",201920,"319889.86","0.0","0.000000000000000000000000"
"PUGLIA","BRINDISI",202425,"310209.69","175376.95","56.53496833061533313200"
"SICILIA","SIRACUSA",202425,"307257.57","158443.80","51.56709401822060885300"
"BASILICATA","POTENZA",202425,"296498.30","95245.23","32.12336461962851051800"
"MARCHE","PESARO-URBINO",202021,"287823.57","13000.0","4.51665581105814232000"
"FRIULI-VENEZIA GIULIA","GORIZIA",202425,"256511.00","69509.3","27.09798020357801419800"
"SICILIA","TRAPANI",202425,"237771.69","115918.63","48.75207389071423936100"
"MARCHE","MACERATA",202425,"120458.02","36137.96","30.00045991126203137000"
