"regione","provincia","anno","importo","funds","perc_funds"
"CAMPANIA","NAPOLI",201920,"389407220.93","177301701.59","45.53117971632884173000"
"LAZIO","ROMA",201920,"372722779.35","215498335.02","57.81732347988298504800"
"CAMPANIA","NAPOLI",202021,"345392451.32","127586016.85","36.93943407344296907200"
"LAZIO","ROMA",202021,"319482135.29","164316680.75","51.43219685847117213900"
"CAMPANIA","NAPOLI",202122,"293275496.15","84380007.09","28.77158446501872877300"
"LAZIO","ROMA",202122,"257622421.39","118367154.51","45.94598322279203541500"
"CAMPANIA","NAPOLI",202223,"210256148.87","49589615.48","23.58533424421320230600"
"LOMBARDIA","MILANO",201920,"191795614.28","98147142.55","51.17277729130772697700"
"LOMBARDIA","MILANO",202021,"184580442.26","91753116.26","49.70901312001223070400"
"CAMPANIA","NAPOLI",202324,"181914428.05","43372638.74","23.84233026754691214800"
"LAZIO","ROMA",202324,"181436970.85","62167596.91","34.26401830826200656900"
"LAZIO","ROMA",202223,"174895758.54","50891519.77","29.09820123417156483300"
"LOMBARDIA","MILANO",202122,"169944212.45","77578487.98","45.64938509031291227100"
"PIEMONTE","TORINO",201920,"161151107.11","81265438.05","50.42809789356835899200"
"LOMBARDIA","MILANO",202223,"155930548.32","54394931.27","34.88407618395014953200"
"LOMBARDIA","MILANO",202324,"148550861.89","51972392.00","34.98626082592835234300"
"PIEMONTE","TORINO",202021,"144822412.12","66755338.20","46.09461838315913281400"
"PIEMONTE","TORINO",202122,"136731728.34","52038403.37","38.05876222130404762200"
"CAMPANIA","SALERNO",201920,"125513590.81","44524828.27","35.47410920415846239900"
"SICILIA","PALERMO",201920,"120253267.47","45981489.23","38.23720568879441193300"
"SICILIA","PALERMO",202122,"118285616.90","43191343.12","36.51445057475960967800"
"PIEMONTE","TORINO",202223,"116473395.63","34535184.77","29.65070656968533338500"
"PUGLIA","BARI",201920,"110850868.28","42582033.75","38.41380262574159784500"
"SICILIA","PALERMO",202021,"109573967.11","44105599.60","40.25189628821498639600"
"SICILIA","CATANIA",201920,"108358572.79","40380106.77","37.26526266477969546200"
"CAMPANIA","CASERTA",201920,"106112617.14","41372098.49","38.98885882290095403800"
"SICILIA","PALERMO",202223,"105379379.08","29546644.84","28.03835541445856847200"
"SICILIA","CATANIA",202021,"104599274.08","38506201.27","36.81306740288612909300"
"SICILIA","CATANIA",202122,"100377450.60","30590142.20","30.47511370048683025600"
"CAMPANIA","SALERNO",202021,"98453545.80","30657460.88","31.13901143009924991400"
"PUGLIA","BARI",202122,"98226089.05","31517528.71","32.08671852338195073400"
"CAMPANIA","CASERTA",202021,"94453392.67","30723597.20","32.52778574861963187500"
"PUGLIA","BARI",202021,"92003263.34","35748539.25","38.85572962547047844700"
"PUGLIA","LECCE",201920,"91682417.89","45047376.43","49.13414967311133159700"
"SICILIA","PALERMO",202324,"90266852.47","26508376.16","29.36667828183108908600"
"PIEMONTE","TORINO",202324,"90149767.44","28215507.46","31.29848058540926170600"
"CAMPANIA","CASERTA",202122,"87537790.24","23010133.47","26.28594279900570631500"
"CAMPANIA","SALERNO",202122,"86937639.34","23166745.21","26.64754344133770678900"
"LOMBARDIA","BRESCIA",201920,"85166928.22","43699657.54","51.31059491439763001500"
"SICILIA","CATANIA",202223,"84997455.67","21162278.32","24.89754328901548871500"
"LOMBARDIA","BRESCIA",202122,"82859971.89","35498131.91","42.84111024937978650800"
"TOSCANA","FIRENZE",201920,"82570976.85","44547177.17","53.95016368878043617300"
"SICILIA","CATANIA",202324,"80717049.58","20381355.14","25.25037181865734889800"
"LOMBARDIA","BRESCIA",202021,"79364610.65","38326264.28","48.29137819250424307300"
"LOMBARDIA","BERGAMO",202122,"78896752.16","34160674.17","43.29794729791067232200"
"LOMBARDIA","BERGAMO",202324,"78467641.69","26260618.20","33.46681209529288199500"
"CALABRIA","COSENZA",201920,"77242332.40","31831728.58","41.21021153939157849700"
"PUGLIA","BARI",202223,"76011647.89","17530329.50","23.06268839924238616600"
"LOMBARDIA","BERGAMO",202223,"75555849.18","24796979.11","32.81940363204054984900"
"LOMBARDIA","BERGAMO",202021,"75308215.54","36860283.71","48.94589978754926158800"
"LOMBARDIA","BERGAMO",201920,"73385469.41","37003182.20","50.42303673669449381000"
"TOSCANA","FIRENZE",202122,"70691939.16","27619573.32","39.07032916085025386400"
"TOSCANA","FIRENZE",202021,"70529242.37","33721034.67","47.81142337117097264000"
"SICILIA","MESSINA",201920,"69205688.52","24225003.98","35.00435368546204010800"
"LOMBARDIA","BRESCIA",202324,"68858303.86","20313042.65","29.49977201195614811600"
"PUGLIA","BARI",202324,"68840383.52","18584913.31","26.99710890570587570700"
"EMILIA ROMAGNA","BOLOGNA",201920,"68310694.81","35951175.91","52.62891266147260550800"
"CAMPANIA","SALERNO",202223,"68049406.07","13105767.43","19.25919443957903746000"
"VENETO","TREVISO",201920,"66715277.51","34567600.99","51.81362092785814749400"
"CAMPANIA","SALERNO",202324,"65353266.06","12781926.50","19.55820614728738470600"
"CAMPANIA","CASERTA",202223,"64783513.14","13738215.48","21.20634527848330270400"
"CALABRIA","COSENZA",202021,"64556401.37","24957517.32","38.66001944091946524200"
"PUGLIA","LECCE",202021,"64498912.40","24548629.16","38.06053194782242560700"
"LOMBARDIA","BRESCIA",202223,"63375089.70","19537034.29","30.82762388579309576900"
"VENETO","VICENZA",201920,"62987062.10","31099048.69","49.37370890648351100000"
"SICILIA","MESSINA",202122,"62276427.40","19770472.13","31.74631711452349625300"
"PUGLIA","LECCE",202122,"61840496.82","20297293.46","32.82200904543121036300"
"CAMPANIA","CASERTA",202324,"61544845.15","14889166.72","24.19238635455401742900"
"LOMBARDIA","VARESE",201920,"61446031.65","30974330.52","50.40900069256140481800"
"CALABRIA","REGGIO CALABRIA",201920,"60727534.42","23046137.86","37.95006347632975414300"
"EMILIA ROMAGNA","BOLOGNA",202021,"60566310.04","28089032.55","46.37732186664347102100"
"VENETO","VICENZA",202122,"60566264.84","24819747.97","40.97949252041080630100"
"VENETO","VICENZA",202021,"60431948.68","30332704.45","50.19315959943325792500"
"VENETO","TREVISO",202223,"59777173.27","17720284.16","29.64389781357086910600"
"UMBRIA","PERUGIA",201920,"59656116.19","28276087.66","47.39847222025467226400"
"EMILIA ROMAGNA","BOLOGNA",202122,"59589518.87","23932402.17","40.16210001998963949700"
"PUGLIA","FOGGIA",201920,"59434936.54","25723704.50","43.28044412512802524800"
"VENETO","TREVISO",202021,"59426886.38","27878609.29","46.91245156566454458100"
"VENETO","TREVISO",202324,"58974407.17","17840225.16","30.25079185378439472700"
"TOSCANA","FIRENZE",202324,"58600395.36","16992533.00","28.99730094926786173100"
"PUGLIA","TARANTO",201920,"57635926.55","26427731.16","45.85287812988234159000"
"VENETO","TREVISO",202122,"57313486.57","22697430.24","39.60225000843113076700"
"VENETO","VERONA",202122,"57294886.19","25208632.60","43.99804987203169449200"
"LIGURIA","GENOVA",201920,"57127407.22","30008691.39","52.52941250149038358500"
"LOMBARDIA","MONZA E DELLA BRIANZA",201920,"56935861.71","29585842.36","51.96345760198383761300"
"VENETO","VERONA",201920,"56768116.99","30652856.27","53.99660565700930430000"
"LOMBARDIA","VARESE",202021,"56241901.49","27033654.14","48.06674992097604486600"
"SICILIA","MESSINA",202021,"56234029.76","19253659.85","34.23844944453079152800"
"EMILIA ROMAGNA","MODENA",201920,"56215677.07","27196091.00","48.37812584936993982200"
"EMILIA ROMAGNA","MODENA",202122,"55470806.17","22610208.60","40.76055525623164023300"
"CALABRIA","COSENZA",202122,"55250927.20","16731196.73","30.28220082069500545900"
"LOMBARDIA","MONZA E DELLA BRIANZA",202122,"54744591.25","23067000.83","42.13567094630558594200"
"LOMBARDIA","MONZA E DELLA BRIANZA",202021,"54418414.50","24883935.00","45.72704888342529714800"
"LAZIO","LATINA",201920,"54242099.58","27518950.19","50.73356378731827843500"
"EMILIA ROMAGNA","MODENA",202021,"53776075.64","24287296.28","45.16375728602720330400"
"VENETO","VICENZA",202223,"53744595.11","15635731.81","29.09265904412913531400"
"TOSCANA","FIRENZE",202223,"53730218.07","15630831.32","29.09132306077014959700"
"UMBRIA","PERUGIA",202122,"53551560.56","18585211.15","34.70526527266528645100"
"VENETO","VERONA",202021,"53300155.26","27856318.95","52.26311033075966315700"
"BASILICATA","POTENZA",201920,"53171166.38","21881568.90","41.15307297120082472800"
"EMILIA ROMAGNA","BOLOGNA",202324,"52840952.93","16587682.99","31.39171810919875475500"
"VENETO","PADOVA",201920,"52517320.92","27068508.44","51.54205882138132494800"
"VENETO","VENEZIA",202122,"52465619.49","21356532.72","40.70576680042933006800"
"SICILIA","MESSINA",202324,"52296772.14","13079619.08","25.01037548739236585700"
"VENETO","PADOVA",202021,"51575250.79","26419988.96","51.22609886585875775600"
"SICILIA","TRAPANI",201920,"51552664.80","22581310.39","43.80241152926783330900"
"PUGLIA","LECCE",202223,"50752011.24","10373284.63","20.43915970333868486900"
"VENETO","VENEZIA",202324,"50689859.93","15228935.73","30.04335729282020132800"
"FRIULI-VENEZIA GIULIA","UDINE",202122,"50351331.40","20825282.52","41.35994409871751673300"
"LIGURIA","GENOVA",202021,"49787771.76","22028954.89","44.24571357840578322800"
"UMBRIA","PERUGIA",202021,"49488840.48","20033518.81","40.48088137788594233800"
"VENETO","VENEZIA",201920,"49322843.55","27179217.10","55.10472459368170390100"
"PUGLIA","FOGGIA",202021,"49301743.46","19223408.11","38.99133531777944957900"
"CALABRIA","REGGIO CALABRIA",202021,"49196427.35","16898443.59","34.34892430252864693000"
"UMBRIA","PERUGIA",202324,"49100450.12","13742143.56","27.98781584774604098900"
"PUGLIA","TARANTO",202021,"49086824.64","17466525.91","35.58292074930190473200"
"VENETO","PADOVA",202122,"48746607.21","21371419.03","43.84185947122862338000"
"UMBRIA","PERUGIA",202223,"48732781.73","13002448.83","26.68111355111843725200"
"LAZIO","LATINA",202021,"48668754.07","21657976.40","44.50078251201880418300"
"SICILIA","MESSINA",202223,"48646952.25","12605448.58","25.91210342473201905500"
"VENETO","VENEZIA",202021,"48323972.81","24860739.81","51.44597673653065694600"
"SARDEGNA","SASSARI",201920,"47808581.96","14511182.52","30.35267294089807804000"
"LOMBARDIA","VARESE",202122,"47727927.05","21512062.49","45.07227491247181664500"
"LAZIO","FROSINONE",201920,"47651830.17","23942398.38","50.24444663423092192200"
"PIEMONTE","CUNEO",201920,"47401919.66","24318318.21","51.30239109392220762200"
"PUGLIA","FOGGIA",202223,"46836520.24","15332199.78","32.73556554038310853000"
"CALABRIA","REGGIO CALABRIA",202122,"46788050.49","12947261.40","27.67215403165219590200"
"FRIULI-VENEZIA GIULIA","UDINE",201920,"46335956.47","22758310.71","49.11587553984077713400"
"PIEMONTE","CUNEO",202223,"46067562.95","14882834.82","32.30653819511413941600"
"EMILIA ROMAGNA","BOLOGNA",202223,"45891697.01","13807981.35","30.08819078316319599500"
"SICILIA","TRAPANI",202021,"45753727.82","18311587.26","40.02206625007632001100"
"PUGLIA","FOGGIA",202122,"45124036.36","14070965.27","31.18286041111593502000"
"EMILIA ROMAGNA","MODENA",202223,"45057358.34","13721220.08","30.45278415228104116100"
"VENETO","VICENZA",202324,"44893309.21","13494956.85","30.06006259612956698800"
"FRIULI-VENEZIA GIULIA","UDINE",202021,"44646119.52","20292065.01","45.45090419540228834700"
"SICILIA","SIRACUSA",201920,"44430113.84","13277434.62","29.88386360614375594400"
"LIGURIA","GENOVA",202122,"44216755.06","17722106.18","40.08006954818814332100"
"MARCHE","ANCONA",201920,"44115550.23","21508082.01","48.75396974052430400800"
"PIEMONTE","CUNEO",202122,"43669496.95","18425817.13","42.19379296055756373900"
"LOMBARDIA","MONZA E DELLA BRIANZA",202223,"43147653.52","13655254.36","31.64773341305907473600"
"CAMPANIA","AVELLINO",201920,"43070057.32","18206952.70","42.27287780168665909700"
"LAZIO","LATINA",202122,"43039950.46","13652692.24","31.72097573088145232000"
"PUGLIA","LECCE",202324,"43027454.08","9335802.20","21.69731488793677657400"
"PUGLIA","BRINDISI",201920,"42447346.65","18165750.59","42.79596258344689726300"
"PIEMONTE","CUNEO",202324,"42423439.63","14307561.25","33.72560399341669316700"
"PIEMONTE","CUNEO",202021,"42401773.90","21057609.64","49.66209595301860708200"
"MARCHE","ANCONA",202122,"42204764.36","15367289.06","36.41126610474457817800"
"SICILIA","AGRIGENTO",202122,"42123138.67","15534419.84","36.87859055731660653100"
"PUGLIA","FOGGIA",202324,"41792827.47","7601168.74","18.18773507357529356500"
"VENETO","PADOVA",202223,"41745130.76","13010710.70","31.16701388432781136200"
"SICILIA","TRAPANI",202122,"41636255.24","14968852.07","35.95148503081373655300"
"SARDEGNA","SASSARI",202021,"41609899.09","14336865.46","34.45541992060620496000"
"SICILIA","AGRIGENTO",201920,"41563351.44","17278884.44","41.57240415259448577300"
"SARDEGNA","CAGLIARI",201920,"41373951.88","19950137.61","48.21907674631345851500"
"LAZIO","FROSINONE",202021,"41196348.92","19179806.86","46.55705508574471992300"
"PUGLIA","TARANTO",202122,"41193570.75","12715081.64","30.86666537641677979600"
"VENETO","VENEZIA",202223,"41015311.94","11512293.76","28.06828283261863203600"
"MARCHE","ANCONA",202021,"40610215.31","17322020.16","42.65434208553571936200"
"LOMBARDIA","MONZA E DELLA BRIANZA",202324,"40456019.60","13544738.28","33.48015552177555302500"
"SICILIA","AGRIGENTO",202324,"39626245.63","9827548.34","24.80060420500653924800"
"VENETO","VERONA",202223,"39287151.97","12949211.42","32.96042286263999706300"
"BASILICATA","POTENZA",202021,"39170706.09","15054099.37","38.43203473384209296500"
"VENETO","VERONA",202324,"39017342.18","13016287.17","33.36026095768268960000"
"SICILIA","SIRACUSA",202122,"38900217.11","11190365.94","28.76684700333797185800"
"CALABRIA","COSENZA",202324,"38778693.48","6987038.67","18.01772582566131364200"
"SICILIA","AGRIGENTO",202223,"38706762.06","10159467.82","26.24726864068774033700"
"LIGURIA","GENOVA",202324,"38274962.98","10144531.07","26.50435240211955392500"
"LIGURIA","GENOVA",202223,"38224729.06","10000268.72","26.16177790116689449700"
"CALABRIA","CATANZARO",201920,"38132758.84","12234291.92","32.08341670565580300400"
"LOMBARDIA","VARESE",202324,"38109513.81","12094201.71","31.73538704874912703600"
"LAZIO","FROSINONE",202122,"37974676.00","12639830.23","33.28489288493205314000"
"FRIULI-VENEZIA GIULIA","UDINE",202223,"37867593.16","11656004.98","30.78095016694216538400"
"PUGLIA","TARANTO",202223,"37856095.25","8591108.11","22.69412112703303703800"
"CALABRIA","REGGIO CALABRIA",202223,"37619129.30","7338864.89","19.50833266627465511300"
"SICILIA","SIRACUSA",202021,"37504555.25","11915775.84","31.77154284478550108900"
"EMILIA ROMAGNA","MODENA",202324,"37462839.80","10980681.72","29.31086318768605470200"
"LAZIO","LATINA",202324,"37055368.51","10966430.67","29.59471491166125769000"
"SICILIA","SIRACUSA",202324,"36590719.82","7650808.72","20.90915061971032850800"
"ABRUZZO","CHIETI",201920,"36515494.24","15643738.06","42.84137017886355740000"
"VENETO","PADOVA",202324,"36400679.43","11245305.59","30.89312003536962551700"
"LOMBARDIA","VARESE",202223,"36345826.89","10263291.60","28.23788169976616537000"
"CALABRIA","COSENZA",202223,"35684860.09","5783395.11","16.20685942277432647800"
"SICILIA","AGRIGENTO",202021,"35458570.12","14417509.70","40.66015536218131065500"
"PUGLIA","BRINDISI",202021,"35300201.74","13887504.76","39.34114842256989322200"
"SICILIA","RAGUSA",201920,"35255039.21","14440147.42","40.95910185771142133400"
"SARDEGNA","SASSARI",202122,"35064215.36","12191517.46","34.76911527844323621000"
"PUGLIA","TARANTO",202324,"34901669.79","7894270.29","22.61860345794074398600"
"ABRUZZO","L'AQUILA",201920,"34449669.35","13379596.37","38.83809807887169169600"
"PUGLIA","BRINDISI",202223,"34045598.30","7409320.42","21.76293203811900700200"
"TOSCANA","AREZZO",201920,"33982030.91","15845122.06","46.62794316786171153500"
"CALABRIA","CATANZARO",202021,"33650546.32","11917270.09","35.41478933706654899900"
"CAMPANIA","AVELLINO",202021,"33582887.99","12082325.77","35.97762578846036880100"
"EMILIA ROMAGNA","PARMA",201920,"33571915.76","16341349.80","48.67565472528160543700"
"PUGLIA","BRINDISI",202324,"33523289.20","7091964.39","21.15533576579949678700"
"MARCHE","ANCONA",202223,"32992960.77","9235317.61","27.99178186638385773500"
"FRIULI-VENEZIA GIULIA","UDINE",202324,"32865980.05","11031383.27","33.56474766070455276100"
"EMILIA ROMAGNA","PARMA",202021,"32794559.90","15831066.48","48.27345306134143303400"
"LAZIO","FROSINONE",202324,"32657689.37","8108263.77","24.82803874498362895000"
"EMILIA ROMAGNA","REGGIO EMILIA",202122,"32612565.91","13478906.19","41.33040689652377003000"
"SARDEGNA","NUORO",201920,"32527387.84","11150086.75","34.27907216173187794500"
"SICILIA","TRAPANI",202223,"32472038.26","8793114.55","27.07903482865630252600"
"SARDEGNA","CAGLIARI",202021,"32436128.74","13058302.01","40.25850962262520604400"
"LAZIO","LATINA",202223,"32335970.08","8240386.53","25.48365337304889045100"
"EMILIA ROMAGNA","PARMA",202324,"32323386.92","10572015.72","32.70701720140161599100"
"ABRUZZO","CHIETI",202021,"32313453.38","11595286.73","35.88377445654494759500"
"SICILIA","RAGUSA",202021,"32255962.88","12802876.76","39.69150388605605935000"
"BASILICATA","POTENZA",202122,"32185949.77","11295514.49","35.09455079224775662100"
"EMILIA ROMAGNA","REGGIO EMILIA",201920,"32099310.02","14951466.44","46.57877826870497947200"
"TOSCANA","PRATO",201920,"32058170.11","9998581.41","31.18887127896645876300"
"TOSCANA","LUCCA",201920,"31836083.52","16767210.72","52.66731603297414643800"
"SICILIA","SIRACUSA",202223,"31809655.23","7246763.34","22.78164691695716942200"
"MARCHE","ANCONA",202324,"31625604.64","10027901.48","31.70817315320741959400"
"LAZIO","RIETI",202021,"31297495.74","18546949.74","59.26017178523306350600"
"SARDEGNA","CAGLIARI",202122,"31179246.37","11946025.85","38.31403013478288891700"
"EMILIA ROMAGNA","REGGIO EMILIA",202021,"31035667.00","14162851.37","45.63411306739436275000"
"ABRUZZO","TERAMO",201920,"30983912.98","15671459.82","50.57934364234713907300"
"BASILICATA","POTENZA",202324,"30953629.63","6849741.08","22.12903999265174382700"
"PUGLIA","BARLETTA-ANDRIA-TRANI",201920,"30645713.38","11158929.74","36.41269368290358917400"
"PUGLIA","BRINDISI",202122,"30622119.37","10984719.87","35.87184720062698913100"
"ABRUZZO","CHIETI",202324,"30398792.26","7510600.63","24.70690468806144603100"
"CAMPANIA","AVELLINO",202122,"30384480.84","8571336.58","28.20958707550522031600"
"LOMBARDIA","CREMONA",202324,"30287364.36","8453593.17","27.91128692982118566900"
"SICILIA","TRAPANI",202324,"30202023.74","7635651.32","25.28191946914879155000"
"MARCHE","MACERATA",201920,"30183864.88","14813728.61","49.07830282468452396500"
"TOSCANA","PISA",201920,"30144374.03","12764065.35","42.34310965388455936700"
"ABRUZZO","PESCARA",201920,"30044362.57","15723880.51","52.33554372593234218800"
"LOMBARDIA","PAVIA",202324,"30043808.79","8929111.57","29.72030488015897134900"
"LOMBARDIA","PAVIA",202122,"30025014.40","12266544.19","40.85441567681646141000"
"SICILIA","CALTANISSETTA",202122,"29918770.88","9346887.64","31.24088110935124083500"
"LOMBARDIA","PAVIA",201920,"29759095.59","15238758.18","51.20706082586967489200"
"SICILIA","RAGUSA",202122,"29665482.38","9002845.74","30.34788251435808946400"
"TOSCANA","AREZZO",202021,"29641114.64","13077827.59","44.12056614211050465400"
"LOMBARDIA","COMO",201920,"29439710.80","13476891.61","45.77793478188651228200"
"SICILIA","RAGUSA",202223,"29116917.65","7327286.80","25.16504970779419022700"
"LOMBARDIA","COMO",202122,"29025075.00","12192672.00","42.00737465794662029300"
"LOMBARDIA","COMO",202021,"29019126.02","14601018.18","50.31515480492751242400"
"ABRUZZO","CHIETI",202122,"28987675.20","8930447.92","30.80774107749075372600"
"PUGLIA","BARLETTA-ANDRIA-TRANI",202122,"28900450.41","9648169.57","33.38414949637457916700"
"LAZIO","FROSINONE",202223,"28697814.41","7128211.32","24.83886479353672843000"
"MARCHE","PESARO E URBINO",202324,"28645303.18","9510434.16","33.20067551821247646500"
"EMILIA ROMAGNA","REGGIO EMILIA",202223,"28546788.60","8391352.58","29.39508432132362517300"
"LAZIO","VITERBO",202324,"28446215.80","8624521.30","30.31869462229137697800"
"ABRUZZO","L'AQUILA",202021,"28276198.98","8576175.36","30.33001488660481904700"
"SICILIA","CALTANISSETTA",201920,"27986378.44","10913506.71","38.99578051300016652000"
"LOMBARDIA","PAVIA",202021,"27900307.69","13604612.80","48.76151528922439636400"
"TOSCANA","LUCCA",202021,"27897659.85","13657809.04","48.95682689313455085400"
"EMILIA ROMAGNA","RAVENNA",202324,"27839711.55","10263545.63","36.86656598997700462900"
"EMILIA ROMAGNA","RAVENNA",201920,"27809435.67","14460635.88","51.99902670301112226800"
"SARDEGNA","NUORO",202021,"27764594.25","8413820.46","30.30413621117477702700"
"LAZIO","RIETI",201920,"27610958.28","16260228.51","58.89048958426806184700"
"SICILIA","RAGUSA",202324,"27460545.43","5681450.58","20.68950376270803736900"
"LOMBARDIA","PAVIA",202223,"27280825.79","7642049.90","28.01253143444526207700"
"ABRUZZO","CHIETI",202223,"27241686.64","6271274.97","23.02087625070780125500"
"TOSCANA","PRATO",202021,"27210808.08","11153763.35","40.99019520922658317500"
"ABRUZZO","PESCARA",202021,"27077352.23","11856916.74","43.78905529346138730600"
"CALABRIA","CATANZARO",202122,"27022767.23","8290882.26","30.68110008658058518200"
"ABRUZZO","L'AQUILA",202122,"26946066.76","9048080.43","33.57848293997175564000"
"EMILIA ROMAGNA","PARMA",202122,"26615070.17","11482327.76","43.14220359615155581600"
"TOSCANA","PISA",202021,"26593573.40","11317242.07","42.55630448670730350200"
"LOMBARDIA","CREMONA",201920,"26553281.24","11696903.62","44.05069006078135449300"
"SICILIA","CALTANISSETTA",202021,"26531745.98","9611505.12","36.22643276942756256600"
"SARDEGNA","SUD SARDEGNA",201920,"26504294.23","9990506.22","37.69391530785160620400"
"MARCHE","MACERATA",202021,"26379163.26","12468217.43","47.26540151069219319900"
"TOSCANA","AREZZO",202122,"26278129.35","10405260.00","39.59665416594807955800"
"LOMBARDIA","CREMONA",202021,"26250360.38","11940409.50","45.48664981032919442200"
"MARCHE","MACERATA",202122,"26018371.37","10169876.41","39.08729053551056297300"
"EMILIA ROMAGNA","FORLI'-CESENA",202324,"25996589.63","9550932.82","36.73917600706458511000"
"LOMBARDIA","COMO",202324,"25946174.01","8379039.79","32.29393199463861916800"
"MARCHE","PESARO E URBINO",202122,"25896544.83","9548744.26","36.87265742470093065300"
"TOSCANA","LIVORNO",201920,"25750248.07","12614640.95","48.98842494918147015700"
"MARCHE","MACERATA",202324,"25277979.34","9022202.10","35.69194348427693587900"
"PUGLIA","BARLETTA-ANDRIA-TRANI",202324,"25166727.95","6089258.62","24.19567069703234901500"
"MARCHE","PESARO E URBINO",201920,"25119002.20","12268349.00","48.84090897527768837900"
"PIEMONTE","ALESSANDRIA",201920,"25100591.51","11637667.05","46.36411474750939046700"
"TOSCANA","LIVORNO",202122,"25063574.98","10393513.33","41.46859870666383283800"
"CALABRIA","CATANZARO",202324,"25063273.07","4726933.50","18.86000079398249160900"
"SARDEGNA","SASSARI",202223,"24994766.27","5486090.96","21.94895883697335330200"
"CAMPANIA","BENEVENTO",201920,"24977626.46","9314353.73","37.29078799747572171800"
"PIEMONTE","ALESSANDRIA",202324,"24905984.95","6968582.89","27.97955151739542025200"
"TOSCANA","LIVORNO",202021,"24885055.17","10841131.33","43.56482738711967259800"
"LOMBARDIA","CREMONA",202122,"24844989.91","8946757.97","36.01031033785595930600"
"ABRUZZO","PESCARA",202122,"24827328.98","8096624.57","32.61174239291849912100"
"CALABRIA","CATANZARO",202223,"24787538.02","5465797.66","22.05058709578128566400"
"EMILIA ROMAGNA","FORLI'-CESENA",201920,"24768055.12","12766131.70","51.54272969011383563200"
"PUGLIA","BARLETTA-ANDRIA-TRANI",202223,"24724575.74","6049374.88","24.46705231108649146800"
"PUGLIA","BARLETTA-ANDRIA-TRANI",202021,"24679569.26","10316768.79","41.80287217054938178400"
"TOSCANA","AREZZO",202324,"24613908.79","7579812.48","30.79483451681385709700"
"LOMBARDIA","COMO",202223,"24601339.15","7183806.04","29.20087396949690033400"
"EMILIA ROMAGNA","RAVENNA",202021,"24598212.18","11079732.63","45.04283705223328145100"
"TOSCANA","PISA",202122,"24553797.83","9073380.68","36.95306421768318355500"
"EMILIA ROMAGNA","FORLI'-CESENA",202021,"24416723.90","12187720.71","49.91546269645126306200"
"LAZIO","VITERBO",202021,"24384133.70","11804078.95","48.40885099805698654000"
"TOSCANA","PISA",202324,"24331239.21","6544959.09","26.89940710997596574900"
"MARCHE","PESARO E URBINO",202223,"24220537.50","7047160.56","29.09580582181547374800"
"SICILIA","CALTANISSETTA",202324,"24163435.36","6091160.40","25.20817222075661016400"
"LOMBARDIA","MANTOVA",202223,"24056780.01","7495638.40","31.15811175429209073100"
"BASILICATA","POTENZA",202223,"23900905.55","7054175.60","29.51426081008884619400"
"PIEMONTE","ALESSANDRIA",202122,"23883456.23","8716306.40","36.49516349753203203000"
"ABRUZZO","L'AQUILA",202223,"23686664.75","5470971.42","23.09726370404258792900"
"MARCHE","PESARO E URBINO",202021,"23583343.02","10891169.29","46.18161759663876525300"
"LAZIO","VITERBO",201920,"23579264.55","9668304.91","41.00342014272026987400"
"LOMBARDIA","MANTOVA",201920,"23476926.96","11755273.00","50.07160017164358891000"
"SARDEGNA","SASSARI",202324,"23421381.40","5114019.99","21.83483502813373766200"
"SARDEGNA","CAGLIARI",202223,"23382011.03","5340489.68","22.84016406094390590100"
"LOMBARDIA","MANTOVA",202021,"23319219.99","11254882.94","48.26440569121283031400"
"TOSCANA","SIENA",201920,"23150112.89","10448113.66","45.13202034756902647700"
"PIEMONTE","ALESSANDRIA",202021,"23073100.48","10036491.77","43.49866971150987680400"
"CALABRIA","CROTONE",201920,"22802444.34","7555619.10","33.13512791585220025600"
"PIEMONTE","NOVARA",201920,"22707545.37","9708823.10","42.75593394972043162800"
"LOMBARDIA","MANTOVA",202122,"22629938.67","10606511.09","46.86937620410263356700"
"MOLISE","CAMPOBASSO",201920,"22597281.87","7851495.60","34.74530983491245887600"
"TOSCANA","PISTOIA",202021,"22529813.80","10326934.83","45.83675178886742508300"
"CALABRIA","REGGIO CALABRIA",202324,"22525282.96","4770435.82","21.17813937552418653400"
"EMILIA ROMAGNA","REGGIO EMILIA",202324,"22516630.42","6174176.83","27.42051858929965063600"
"LAZIO","RIETI",202122,"22462553.23","4372837.44","19.46723239885228309800"
"PIEMONTE","NOVARA",202122,"22334343.50","8257111.90","36.97047061177329882100"
"ABRUZZO","TERAMO",202021,"22288678.78","9176406.97","41.17070850441858267900"
"LAZIO","VITERBO",202223,"22283477.10","5846114.52","26.23519881464100591400"
"SARDEGNA","SUD SARDEGNA",202122,"22207408.20","8524761.19","38.38701532941606396000"
"BASILICATA","MATERA",201920,"22203121.59","8148202.83","36.69845610209082316700"
"SICILIA","CALTANISSETTA",202223,"22147628.47","5566436.63","25.13333035877858935400"
"LOMBARDIA","MANTOVA",202324,"22133602.51","6593821.32","29.79099907943544252300"
"EMILIA ROMAGNA","RIMINI",202122,"22064205.25","8383195.45","37.99454979236109127500"
"EMILIA ROMAGNA","PARMA",202223,"21972892.07","8538173.41","38.85775883665913806100"
"SARDEGNA","SUD SARDEGNA",202021,"21908398.93","9078141.42","41.43680900190728816500"
"CAMPANIA","BENEVENTO",202021,"21837872.83","8999396.78","41.21004298384312919400"
"CALABRIA","CROTONE",202021,"21692084.68","6775861.42","31.23656172266058109500"
"TOSCANA","LIVORNO",202223,"21629743.43","7764975.78","35.89952791224579033300"
"PIEMONTE","NOVARA",202021,"21593928.89","9428467.06","43.66258270103991252000"
"EMILIA ROMAGNA","RIMINI",201920,"21548512.57","10881657.79","50.49841725572058823500"
"SARDEGNA","SUD SARDEGNA",202324,"21545013.99","5575504.15","25.87839651711453820200"
"TOSCANA","LUCCA",202122,"21450122.70","8204731.24","38.25027648909439571600"
"MARCHE","MACERATA",202223,"21393013.70","6541342.42","30.57700290258777331600"
"TOSCANA","GROSSETO",201920,"21358144.59","10233282.41","47.91278740004072610300"
"TOSCANA","PISTOIA",202122,"21342881.39","8056804.51","37.74937583533092014200"
"SARDEGNA","CAGLIARI",202324,"21337816.43","5099934.89","23.90092213385866118800"
"PIEMONTE","ALESSANDRIA",202223,"21282153.97","4825147.09","22.67226849689030795000"
"CAMPANIA","AVELLINO",202223,"21168578.29","4367513.46","20.63205851695390356800"
"TOSCANA","SIENA",202122,"21120851.76","7192802.12","34.05545477868549748300"
"TOSCANA","PRATO",202122,"21075119.82","7773937.36","36.88680029530669591200"
"ABRUZZO","L'AQUILA",202324,"20976639.06","4690707.64","22.36157864271322405100"
"FRIULI-VENEZIA GIULIA","PORDENONE",202021,"20975689.19","9498225.93","45.28206841722372031400"
"EMILIA ROMAGNA","FORLI'-CESENA",202122,"20973198.38","9301811.42","44.35094376864421763000"
"LAZIO","VITERBO",202122,"20906928.54","7935308.61","37.95540121935098937300"
"TOSCANA","SIENA",202021,"20895769.69","8197302.17","39.22948181192362672900"
"SICILIA","ENNA",201920,"20883003.06","7968542.77","38.15803094557416590300"
"EMILIA ROMAGNA","FORLI'-CESENA",202223,"20737538.26","6920039.13","33.36962682474153998300"
"MOLISE","CAMPOBASSO",202021,"20637457.12","7370300.20","35.71321872236553919000"
"TOSCANA","PISTOIA",201920,"20613723.86","9136830.01","44.32401477798781379400"
"MOLISE","CAMPOBASSO",202223,"20566786.23","4382254.81","21.30743598437255697600"
"EMILIA ROMAGNA","FERRARA",201920,"20555558.73","10038200.01","48.83447899350775759700"
"EMILIA ROMAGNA","RIMINI",202021,"20237765.47","9753193.88","48.19303739070358937200"
"ABRUZZO","PESCARA",202223,"20216787.19","5007622.88","24.76962750281589129200"
"CALABRIA","VIBO VALENTIA",201920,"20156760.57","6145536.75","30.48871235364383752300"
"FRIULI-VENEZIA GIULIA","PORDENONE",201920,"20072021.76","9649568.19","48.07471965395079364400"
"EMILIA ROMAGNA","FERRARA",202223,"19973329.71","5809454.85","29.08606093400337704600"
"FRIULI-VENEZIA GIULIA","PORDENONE",202122,"19966899.94","8275116.23","41.44417137796304297000"
"LOMBARDIA","CREMONA",202223,"19880589.37","5404938.13","27.18701155890329623600"
"EMILIA ROMAGNA","RAVENNA",202223,"19666585.26","6262716.05","31.84445071274157738600"
"TOSCANA","LUCCA",202223,"19590367.84","4880441.17","24.91245294554918372600"
"TOSCANA","PISTOIA",202324,"19516231.77","5975678.10","30.61901585523136057700"
"LOMBARDIA","LECCO",201920,"19377692.70","10689016.76","55.16145252938189075500"
"TOSCANA","AREZZO",202223,"19368187.97","5912544.99","30.52709421840663806800"
"EMILIA ROMAGNA","PIACENZA",201920,"19341666.66","9692693.20","50.11301957780715883800"
"EMILIA ROMAGNA","FERRARA",202122,"19303101.73","8293398.96","42.96407425087947251900"
"FRIULI-VENEZIA GIULIA","PORDENONE",202324,"19266723.16","5697187.70","29.57009166887307888200"
"EMILIA ROMAGNA","RAVENNA",202122,"19212928.17","8146188.68","42.39951665837097646300"
"BASILICATA","MATERA",202021,"19040758.65","7517677.37","39.48202646851993998700"
"TOSCANA","GROSSETO",202021,"18945272.48","7618344.53","40.21237772136809087500"
"CALABRIA","CROTONE",202122,"18894838.79","4921791.64","26.04833888609218454200"
"EMILIA ROMAGNA","FERRARA",202021,"18888055.50","8957447.91","47.42387542222120217700"
"SARDEGNA","NUORO",202122,"18755475.19","5768060.76","30.75401023737005087300"
"LOMBARDIA","LECCO",202021,"18691343.67","9735303.15","52.08455487138341189100"
"CALABRIA","VIBO VALENTIA",202223,"18372404.27","4634321.39","25.22435997975130557000"
"MOLISE","CAMPOBASSO",202324,"18357732.88","2953091.40","16.08636218482769425700"
"CALABRIA","VIBO VALENTIA",202021,"17962548.10","6339164.43","35.29100879624088522300"
"LOMBARDIA","SONDRIO",202324,"17945648.58","5397654.04","30.07778746996950276800"
"BASILICATA","MATERA",202122,"17818258.76","5569829.55","31.25911249253852456700"
"EMILIA ROMAGNA","PIACENZA",202021,"17783555.14","8640637.19","48.58779429634338007900"
"LOMBARDIA","LODI",201920,"17758173.87","8976017.03","50.54583368599487645400"
"FRIULI-VENEZIA GIULIA","TRIESTE",201920,"17751272.57","9271090.53","52.22775152283068120300"
"ABRUZZO","PESCARA",202324,"17738843.95","4272988.07","24.08831196691371762100"
"EMILIA ROMAGNA","PIACENZA",202122,"17705816.99","7465469.14","42.16393484817104731600"
"LIGURIA","SAVONA",201920,"17616025.45","8678479.92","49.26468768243065861400"
"EMILIA ROMAGNA","RIMINI",202324,"17588901.46","5078892.80","28.87555434630310334300"
"TOSCANA","LIVORNO",202324,"17555782.11","4847226.62","27.61042823172746702500"
"SICILIA","ENNA",202021,"17500509.18","6095859.67","34.83247034301432822700"
"TOSCANA","PISTOIA",202223,"17438156.60","4263168.84","24.44735953340389201500"
"TOSCANA","LUCCA",202324,"17351815.88","4498161.62","25.92329039858392042800"
"EMILIA ROMAGNA","PIACENZA",202223,"17269343.67","5881785.92","34.05911673538430427200"
"FRIULI-VENEZIA GIULIA","TRIESTE",202021,"17203218.81","7628910.76","44.34583344115472539300"
"MOLISE","CAMPOBASSO",202122,"17128259.34","4838364.61","28.24784768818195626400"
"LIGURIA","SAVONA",202021,"17011200.75","8136764.05","47.83180311360442912900"
"FRIULI-VENEZIA GIULIA","PORDENONE",202223,"17000380.51","5378159.28","31.63552296277396675800"
"UMBRIA","TERNI",201920,"16974291.90","7937229.71","46.76029937955762384400"
"CAMPANIA","BENEVENTO",202122,"16832568.30","5426445.06","32.23777241408846682100"
"EMILIA ROMAGNA","FERRARA",202324,"16782751.61","4534505.95","27.01884682186510654100"
"LOMBARDIA","LECCO",202122,"16741301.22","7362840.70","43.98009810135893367600"
"CALABRIA","CROTONE",202223,"16639880.61","3097728.49","18.61629036051118638400"
"SARDEGNA","SUD SARDEGNA",202223,"16581338.29","3728997.06","22.48911996596144472000"
"MARCHE","ASCOLI PICENO",201920,"16538729.23","8413906.84","50.87396209823552447100"
"LOMBARDIA","LODI",202021,"16320882.87","8243406.97","50.50833974890232148300"
"LIGURIA","IMPERIA",201920,"16258583.72","6902858.57","42.45670280313936225200"
"EMILIA ROMAGNA","RIMINI",202223,"16238002.84","4042141.62","24.89309590489023464200"
"TOSCANA","PISA",202223,"16198006.52","3696126.90","22.81840605161084970300"
"PIEMONTE","BIELLA",202122,"16193595.29","4688229.44","28.95113380346804999100"
"SICILIA","ENNA",202122,"16182219.25","6018252.00","37.19052317252468322600"
"FRIULI-VENEZIA GIULIA","TRIESTE",202122,"16154412.39","7193554.12","44.52996460863532529900"
"CAMPANIA","AVELLINO",202324,"15895888.06","3407138.23","21.43408545115283103000"
"SARDEGNA","NUORO",202324,"15878778.99","3330304.93","20.97330614713719874000"
"TOSCANA","SIENA",202324,"15707356.21","4012559.31","25.54573319885256489000"
"ABRUZZO","TERAMO",202122,"15688982.68","4790895.75","30.53668837372953234700"
"VENETO","BELLUNO",201920,"15681630.66","6659397.09","42.46622838137931250100"
"TOSCANA","MASSA-CARRARA",201920,"15538273.33","6631868.72","42.68086021627475129500"
"SARDEGNA","NUORO",202223,"15512512.46","3177080.30","20.48075905300513776300"
"EMILIA ROMAGNA","PIACENZA",202324,"15380846.66","4598011.82","29.89439997446798549600"
"ABRUZZO","TERAMO",202324,"15373237.91","2960758.99","19.25917628630519255400"
"LIGURIA","SAVONA",202324,"15182178.25","4918560.52","32.39693566369503005900"
"LOMBARDIA","LODI",202122,"15170378.88","6736221.62","44.40377971627825290000"
"LIGURIA","SAVONA",202122,"15127022.05","6646416.04","43.93737259079357261900"
"TOSCANA","MASSA-CARRARA",202122,"15049766.96","5557476.75","36.92732761092534551800"
"UMBRIA","TERNI",202021,"15002164.43","6615198.04","44.09495757006577483600"
"TOSCANA","PRATO",202324,"14735051.43","3774738.02","25.61740648094907938800"
"PIEMONTE","BIELLA",202324,"14710533.51","3230647.75","21.96145875881288822100"
"PIEMONTE","NOVARA",202223,"14683104.45","3480254.52","23.70244338893877445700"
"CALABRIA","VIBO VALENTIA",202122,"14670647.06","4029431.51","27.46594266442669093800"
"TOSCANA","GROSSETO",202122,"14630823.00","5470064.68","37.38726577445438305100"
"LOMBARDIA","SONDRIO",201920,"14473353.35","7414994.74","51.23204388566938428300"
"LOMBARDIA","SONDRIO",202122,"14347595.69","6418535.39","44.73596502634651534400"
"MARCHE","ASCOLI PICENO",202021,"14306032.91","5938020.53","41.50710799671996560500"
"PIEMONTE","ASTI",202122,"14160777.41","5013709.89","35.40561188723606947800"
"LOMBARDIA","SONDRIO",202021,"14061048.45","7051524.42","50.14935013612018384000"
"SICILIA","ENNA",202223,"13919511.40","3580439.59","25.72245165157162053800"
"TOSCANA","MASSA-CARRARA",202021,"13875370.33","5615209.13","40.46889557865948504700"
"LOMBARDIA","SONDRIO",202223,"13847812.89","4760906.01","34.38020175328928783600"
"VENETO","BELLUNO",202021,"13843693.36","5662794.75","40.90523101560521707500"
"VENETO","BELLUNO",202122,"13786229.00","5507204.85","39.94714471956036708800"
"TOSCANA","PRATO",202223,"13686333.79","3751826.37","27.41293926896108530500"
"TOSCANA","SIENA",202223,"13577445.55","3066540.28","22.58554651320255156500"
"MARCHE","ASCOLI PICENO",202122,"13572291.73","5367230.36","39.54549803948253328600"
"LIGURIA","IMPERIA",202122,"13496765.24","5409313.34","40.07859100911501073100"
"SICILIA","ENNA",202324,"13379543.27","3527113.64","26.36198836404674970600"
"PIEMONTE","ASTI",201920,"13345433.53","5830534.05","43.68935663943170529600"
"PIEMONTE","NOVARA",202324,"13183593.09","3569961.62","27.07882134732967551000"
"LOMBARDIA","LODI",202324,"13028298.85","3601818.21","27.64611290751900429400"
"CALABRIA","VIBO VALENTIA",202324,"12904622.61","1834316.34","14.21441289246660116000"
"LOMBARDIA","LECCO",202223,"12845166.53","3991293.65","31.07233869392271709200"
"LIGURIA","SAVONA",202223,"12797250.53","4452777.23","34.79479611313040380100"
"LOMBARDIA","LODI",202223,"12706623.33","3766552.21","29.64243223537814589500"
"VENETO","ROVIGO",202122,"12702786.71","5289976.37","41.64421942025979274300"
"LIGURIA","LA SPEZIA",202021,"12517639.22","6328167.11","50.55399823226411856900"
"ABRUZZO","TERAMO",202223,"12517405.26","3763998.02","30.07011390793622032200"
"LIGURIA","IMPERIA",202021,"12378141.44","5443012.45","43.97277633628332493800"
"VENETO","ROVIGO",201920,"12309183.80","6341218.95","51.51616104716870017000"
"PIEMONTE","ASTI",202021,"12306828.09","5490491.17","44.61337340416201426000"
"UMBRIA","TERNI",202122,"12300453.98","4428925.44","36.00619495183868002200"
"CALABRIA","CROTONE",202324,"12286587.80","2395721.38","19.49867138865031347400"
"LIGURIA","LA SPEZIA",201920,"12159766.31","6112469.99","50.26798899065355475600"
"UMBRIA","TERNI",202324,"12106709.98","3204411.43","26.46806139152265378700"
"PIEMONTE","VERCELLI",201920,"12105018.64","5167953.73","42.69265404452115738300"
"PIEMONTE","VERCELLI",202122,"12037590.85","4265613.10","35.43577077135829051700"
"VENETO","ROVIGO",202223,"11817491.08","3229658.19","27.32947432019555203300"
"UMBRIA","TERNI",202223,"11782215.65","2990307.88","25.37984339134040548600"
"BASILICATA","MATERA",202223,"11706207.66","2941576.77","25.12834946582521157800"
"PIEMONTE","BIELLA",201920,"11685145.34","4419990.78","37.82572361226616972500"
"FRIULI-VENEZIA GIULIA","TRIESTE",202223,"11680025.88","3354893.83","28.72334243492275549600"
"MARCHE","FERMO",202324,"11642392.58","3390020.21","29.11789983635820670800"
"CAMPANIA","BENEVENTO",202223,"11520470.70","2417529.89","20.98464509787781501000"
"TOSCANA","MASSA-CARRARA",202324,"11519090.12","2912663.32","25.28553288200162114900"
"PIEMONTE","ASTI",202223,"11501151.28","2796105.95","24.31153092353724782900"
"PIEMONTE","VERCELLI",202021,"11487231.10","4938131.49","42.98800509027802182900"
"PIEMONTE","BIELLA",202021,"11413358.47","4124071.81","36.13372716576035134400"
"MARCHE","FERMO",201920,"11408260.75","4993881.97","43.77426217225969348600"
"BASILICATA","MATERA",202324,"11186312.75","2374786.80","21.22939750634095225000"
"PIEMONTE","ASTI",202324,"11132206.70","3590407.57","32.25243356288021493500"
"PIEMONTE","BIELLA",202223,"11131049.67","2542529.11","22.84177310656093766200"
"LIGURIA","LA SPEZIA",202223,"11105716.30","2636457.03","23.73963964845743448400"
"PIEMONTE","VERCELLI",202223,"11028759.24","2374968.52","21.53432193338912709800"
"VENETO","BELLUNO",202223,"10925212.01","3208824.20","29.37081858972547298000"
"PIEMONTE","VERBANO-CUSIO-OSSOLA",201920,"10731428.23","4859063.62","45.27881579095273882300"
"VENETO","ROVIGO",202021,"10522429.09","5286695.49","50.24215839120470613700"
"MARCHE","FERMO",202021,"10483031.54","4764665.08","45.45121381939484272500"
"LIGURIA","IMPERIA",202223,"10405175.27","2333439.62","22.42575986901179801100"
"FRIULI-VENEZIA GIULIA","GORIZIA",202021,"10369126.85","5147989.59","49.64728143913101034200"
"MARCHE","FERMO",202122,"10159622.95","4156699.44","40.91391442829086486900"
"SARDEGNA","ORISTANO",201920,"10118284.01","3818177.98","37.73543000202857519900"
"LIGURIA","IMPERIA",202324,"10078946.42","3307520.87","32.81613704619733458200"
"VENETO","ROVIGO",202324,"9911366.46","2736949.84","27.61425330246542009100"
"TOSCANA","MASSA-CARRARA",202223,"9880244.69","2601486.06","26.33017846848487312100"
"LOMBARDIA","LECCO",202324,"9846418.77","2722958.51","27.65430329142907254200"
"FRIULI-VENEZIA GIULIA","GORIZIA",202122,"9724431.40","4215888.13","43.35356954649297027300"
"FRIULI-VENEZIA GIULIA","GORIZIA",201920,"9694243.15","4427173.32","45.66806558797733477500"
"CAMPANIA","BENEVENTO",202324,"9595792.85","1987124.80","20.70829196776585272000"
"MARCHE","ASCOLI PICENO",202223,"9586259.70","2479953.58","25.86987686135813741800"
"LIGURIA","LA SPEZIA",202122,"9476617.09","3779226.17","39.87948583453845131600"
"MARCHE","FERMO",202223,"9465853.88","3271587.06","34.56198565363867628200"
"PIEMONTE","VERBANO-CUSIO-OSSOLA",202021,"9395010.71","4228287.69","45.00567184558323936200"
"SARDEGNA","ORISTANO",202324,"9364093.49","2241586.02","23.93809953300669150000"
"TOSCANA","GROSSETO",202324,"9311932.89","2541263.11","27.29039330522924333500"
"LAZIO","RIETI",202324,"8907513.87","2586746.88","29.04005447257305253000"
"TOSCANA","GROSSETO",202223,"8898383.98","1919112.45","21.56697726591025351500"
"LAZIO","RIETI",202223,"8813670.20","2084567.62","23.65152737391966402400"
"SARDEGNA","ORISTANO",202122,"8651122.09","3278548.07","37.89737372669537715400"
"PIEMONTE","VERBANO-CUSIO-OSSOLA",202223,"8641813.79","2062777.82","23.86973232849535861200"
"SARDEGNA","ORISTANO",202223,"8428264.18","1877180.17","22.27244103779385804700"
"FRIULI-VENEZIA GIULIA","TRIESTE",202324,"8272623.71","2685812.44","32.46627109067432731100"
"MARCHE","ASCOLI PICENO",202324,"8211474.39","1709896.02","20.82325218090341021000"
"MOLISE","ISERNIA",201920,"8051106.66","3601377.32","44.73145707897006049600"
"FRIULI-VENEZIA GIULIA","GORIZIA",202223,"7976103.56","2525463.90","31.66287750657038861200"
"SARDEGNA","ORISTANO",202021,"7739218.29","2850315.52","36.82950154905115100500"
"LIGURIA","LA SPEZIA",202324,"7664886.19","2331105.20","30.41278294570476851400"
"MOLISE","ISERNIA",202324,"7434587.33","1520420.96","20.45064362704849685300"
"PIEMONTE","VERBANO-CUSIO-OSSOLA",202122,"7314784.74","2769382.26","37.86006503863297554800"
"PIEMONTE","VERBANO-CUSIO-OSSOLA",202324,"7094435.82","2033187.85","28.65890821463517024200"
"VENETO","BELLUNO",202324,"6892701.25","2220739.42","32.21870989983789011600"
"MOLISE","ISERNIA",202021,"6801493.68","2657265.70","39.06885494599180455300"
"FRIULI-VENEZIA GIULIA","GORIZIA",202324,"6479309.38","1944818.89","30.01583619394942366500"
"PIEMONTE","VERCELLI",202324,"6134129.67","1575011.89","25.67620795013288331700"
"MOLISE","ISERNIA",202122,"4944641.49","1340196.15","27.10401052756607436100"
"MOLISE","ISERNIA",202223,"4534130.17","1143698.45","25.22420854979556089800"
"CALABRIA","CROTONE",202425,"1757894.09","149338.67","8.49531668884557203300"
"PUGLIA","FOGGIA",202425,"1012056.67","95295.26","9.41600039057101417100"
"CALABRIA","CATANZARO",202425,"794817.23","80692.16","10.15229123807494711700"
"PUGLIA","BARI",202425,"781086.42","184331.95","23.59943090548162391600"
"FRIULI-VENEZIA GIULIA","PORDENONE",202425,"775192.09","210725.91","27.18370230016149932600"
"SICILIA","CATANIA",202425,"425604.71","42282.14","9.93460340229787400600"
"PUGLIA","BARLETTA-ANDRIA-TRANI",202425,"390422.00","18113.32","4.63942093427112201700"
"SICILIA","PALERMO",202425,"344986.29","185212.94","53.68704362135666318800"
"CAMPANIA","SALERNO",202425,"336446.61","60798.82","18.07086717265482330200"
"PUGLIA","TARANTO",202425,"327021.51","30071.83","9.19567339775294903400"
"MARCHE","PESARO-URBINO",201920,"319889.86","203142.38","63.50385098170976723100"
"PUGLIA","BRINDISI",202425,"310209.69","28795.63","9.28263394995817184200"
"SICILIA","SIRACUSA",202425,"307257.57","42823.26","13.93725140767076951100"
"BASILICATA","POTENZA",202425,"296498.30","66211.80","22.33125788579563525300"
"MARCHE","PESARO-URBINO",202021,"287823.57","137261.10","47.68931884209482913400"
"FRIULI-VENEZIA GIULIA","GORIZIA",202425,"256511.00","35058.36","13.66739048227951238000"
"SICILIA","TRAPANI",202425,"237771.69","26095.25","10.97491883916037270900"
"MARCHE","MACERATA",202425,"120458.02","56123.74","46.59194962693227067800"
